product,utc,point,box_mean,box_max,unit
PrecipRate,2025-10-30T17:30:00Z,4.10,6.37,9.80,mm/hr
PrecipRate,2025-10-30T17:40:00Z,8.10,10.72,15.30,mm/hr
PrecipRate,2025-10-30T17:50:00Z,8.40,7.82,11.50,mm/hr
PrecipRate,2025-10-30T18:00:00Z,3.50,4.98,11.50,mm/hr
PrecipRate,2025-10-30T18:10:00Z,5.40,5.40,11.50,mm/hr
PrecipRate,2025-10-30T18:20:00Z,9.40,8.16,14.40,mm/hr
PrecipRate,2025-10-30T18:30:00Z,5.80,5.70,8.00,mm/hr
PrecipRate,2025-10-30T18:40:00Z,22.70,31.09,68.50,mm/hr
PrecipRate,2025-10-30T18:50:00Z,68.90,63.16,106.10,mm/hr
PrecipRate,2025-10-30T19:00:00Z,59.80,47.60,66.70,mm/hr
PrecipRate,2025-10-30T19:10:00Z,3.80,9.41,18.50,mm/hr
PrecipRate,2025-10-30T19:20:00Z,1.40,3.11,7.10,mm/hr
PrecipRate,2025-10-30T19:30:00Z,0.80,1.44,5.20,mm/hr
PrecipRate,2025-10-30T19:40:00Z,0.00,0.32,0.80,mm/hr
PrecipRate,2025-10-30T19:50:00Z,0.00,0.00,0.00,mm/hr
PrecipRate,2025-10-30T20:00:00Z,0.50,1.07,2.60,mm/hr
PrecipRate,2025-10-30T20:10:00Z,0.00,0.00,0.00,mm/hr
PrecipRate,2025-10-30T20:20:00Z,0.00,0.18,0.60,mm/hr
PrecipRate,2025-12-19T11:00:00Z,0.60,0.81,1.10,mm/hr
PrecipRate,2025-12-19T11:20:00Z,2.00,2.16,2.80,mm/hr
PrecipRate,2025-12-19T11:40:00Z,0.30,0.43,0.70,mm/hr
PrecipRate,2025-12-19T12:00:00Z,46.40,39.21,61.60,mm/hr
PrecipRate,2025-12-19T12:20:00Z,11.30,10.87,14.60,mm/hr
PrecipRate,2025-12-19T12:40:00Z,8.00,6.78,13.70,mm/hr
PrecipRate,2025-12-19T13:00:00Z,8.00,8.24,11.90,mm/hr
PrecipRate,2025-12-19T13:20:00Z,5.40,8.03,11.10,mm/hr
PrecipRate,2025-12-19T13:40:00Z,6.70,10.76,20.20,mm/hr
PrecipRate,2025-12-19T14:00:00Z,2.30,2.34,3.60,mm/hr
PrecipRate,2025-12-19T14:20:00Z,1.90,1.41,2.00,mm/hr
PrecipRate,2025-12-19T14:40:00Z,0.00,0.00,0.00,mm/hr
MultiSensor_QPE_01H_Pass2,2026-05-18T18:00:00Z,0.00,0.00,0.00,mm
MultiSensor_QPE_01H_Pass2,2026-05-18T19:00:00Z,0.00,0.00,0.00,mm
MultiSensor_QPE_01H_Pass2,2026-05-18T20:00:00Z,0.00,0.00,0.00,mm
MultiSensor_QPE_01H_Pass2,2026-05-18T21:00:00Z,0.00,0.00,0.00,mm
MultiSensor_QPE_01H_Pass2,2026-05-18T22:00:00Z,0.00,0.00,0.00,mm
MultiSensor_QPE_01H_Pass2,2026-05-18T23:00:00Z,0.00,0.00,0.00,mm
MultiSensor_QPE_01H_Pass2,2026-05-19T00:00:00Z,0.00,0.00,0.00,mm
MultiSensor_QPE_01H_Pass2,2026-05-19T01:00:00Z,0.00,0.00,0.00,mm
MultiSensor_QPE_01H_Pass2,2026-05-19T02:00:00Z,0.00,0.00,0.00,mm
MultiSensor_QPE_01H_Pass2,2026-05-19T03:00:00Z,0.00,0.00,0.00,mm
MultiSensor_QPE_01H_Pass2,2026-05-19T04:00:00Z,0.00,0.00,0.00,mm
MultiSensor_QPE_01H_Pass2,2026-05-19T05:00:00Z,0.00,0.00,0.00,mm
MultiSensor_QPE_01H_Pass2,2026-05-19T06:00:00Z,0.00,0.00,0.00,mm
MultiSensor_QPE_01H_Pass2,2026-05-19T07:00:00Z,0.00,0.00,0.00,mm
MultiSensor_QPE_01H_Pass2,2026-05-19T08:00:00Z,0.00,0.00,0.00,mm
MultiSensor_QPE_01H_Pass2,2026-05-19T09:00:00Z,0.00,0.00,0.00,mm
MultiSensor_QPE_01H_Pass2,2026-05-19T10:00:00Z,0.00,0.00,0.00,mm
MultiSensor_QPE_01H_Pass2,2026-05-19T11:00:00Z,0.00,0.00,0.00,mm
MultiSensor_QPE_01H_Pass2,2026-05-19T12:00:00Z,0.00,0.00,0.00,mm
MultiSensor_QPE_01H_Pass2,2026-05-19T13:00:00Z,0.00,0.00,0.00,mm
MultiSensor_QPE_01H_Pass2,2026-05-19T14:00:00Z,0.00,0.00,0.00,mm
MultiSensor_QPE_01H_Pass2,2026-05-19T15:00:00Z,0.00,0.00,0.00,mm
MultiSensor_QPE_01H_Pass2,2026-05-19T16:00:00Z,0.00,0.00,0.00,mm
MultiSensor_QPE_01H_Pass2,2026-05-30T06:00:00Z,0.00,0.00,0.00,mm
MultiSensor_QPE_01H_Pass2,2026-05-30T07:00:00Z,0.00,0.00,0.00,mm
MultiSensor_QPE_01H_Pass2,2026-05-30T08:00:00Z,0.00,0.00,0.00,mm
MultiSensor_QPE_01H_Pass2,2026-05-30T09:00:00Z,0.00,0.00,0.00,mm
MultiSensor_QPE_01H_Pass2,2026-05-30T10:00:00Z,0.00,0.00,0.00,mm
MultiSensor_QPE_01H_Pass2,2026-05-30T11:00:00Z,0.00,0.00,0.00,mm
MultiSensor_QPE_01H_Pass2,2026-05-30T12:00:00Z,0.00,0.00,0.00,mm
MultiSensor_QPE_01H_Pass2,2026-05-30T13:00:00Z,0.00,0.00,0.00,mm
MultiSensor_QPE_01H_Pass2,2026-05-30T14:00:00Z,0.00,0.00,0.00,mm
MultiSensor_QPE_01H_Pass2,2026-05-30T15:00:00Z,0.00,0.00,0.00,mm
MultiSensor_QPE_01H_Pass2,2026-05-30T16:00:00Z,0.00,0.00,0.00,mm
MultiSensor_QPE_01H_Pass2,2026-05-31T18:00:00Z,0.00,0.00,0.00,mm
MultiSensor_QPE_01H_Pass2,2026-05-31T19:00:00Z,0.00,0.00,0.00,mm
MultiSensor_QPE_01H_Pass2,2026-05-31T20:00:00Z,0.00,0.00,0.00,mm
MultiSensor_QPE_01H_Pass2,2026-05-31T21:00:00Z,0.00,0.00,0.00,mm
MultiSensor_QPE_01H_Pass2,2026-05-31T22:00:00Z,0.00,0.00,0.00,mm
MultiSensor_QPE_01H_Pass2,2026-05-31T23:00:00Z,0.00,0.00,0.00,mm
MultiSensor_QPE_01H_Pass2,2026-06-01T00:00:00Z,0.00,0.00,0.00,mm
MultiSensor_QPE_01H_Pass2,2026-06-01T01:00:00Z,0.00,0.00,0.00,mm
MultiSensor_QPE_01H_Pass2,2026-06-01T02:00:00Z,0.00,0.00,0.00,mm
MultiSensor_QPE_01H_Pass2,2026-06-01T03:00:00Z,0.00,0.00,0.00,mm
MultiSensor_QPE_01H_Pass2,2026-06-01T04:00:00Z,0.00,0.00,0.00,mm
MultiSensor_QPE_01H_Pass2,2026-06-01T05:00:00Z,0.00,0.00,0.00,mm
MultiSensor_QPE_01H_Pass2,2026-06-14T18:00:00Z,0.00,0.00,0.00,mm
MultiSensor_QPE_01H_Pass2,2026-06-14T19:00:00Z,0.00,0.00,0.00,mm
MultiSensor_QPE_01H_Pass2,2026-06-14T20:00:00Z,0.00,0.00,0.00,mm
MultiSensor_QPE_01H_Pass2,2026-06-14T21:00:00Z,0.00,0.00,0.00,mm
MultiSensor_QPE_01H_Pass2,2026-06-14T22:00:00Z,0.00,0.00,0.00,mm
MultiSensor_QPE_01H_Pass2,2026-06-14T23:00:00Z,0.00,0.00,0.00,mm
MultiSensor_QPE_01H_Pass2,2026-06-15T00:00:00Z,0.00,0.00,0.00,mm
MultiSensor_QPE_01H_Pass2,2026-06-15T01:00:00Z,0.00,0.00,0.00,mm
MultiSensor_QPE_01H_Pass2,2026-06-15T02:00:00Z,0.00,0.00,0.00,mm
MultiSensor_QPE_01H_Pass2,2026-06-15T03:00:00Z,0.00,0.00,0.00,mm
MultiSensor_QPE_01H_Pass2,2026-06-15T04:00:00Z,3.90,3.80,4.10,mm
MultiSensor_QPE_01H_Pass2,2026-06-15T05:00:00Z,5.10,5.18,6.50,mm
MultiSensor_QPE_01H_Pass2,2026-06-15T18:00:00Z,0.00,0.00,0.00,mm
MultiSensor_QPE_01H_Pass2,2026-06-15T19:00:00Z,0.00,0.00,0.00,mm
MultiSensor_QPE_01H_Pass2,2026-06-15T20:00:00Z,0.00,0.00,0.00,mm
MultiSensor_QPE_01H_Pass2,2026-06-15T21:00:00Z,0.00,0.00,0.00,mm
MultiSensor_QPE_01H_Pass2,2026-06-15T22:00:00Z,0.00,0.00,0.00,mm
MultiSensor_QPE_01H_Pass2,2026-06-15T23:00:00Z,0.00,0.00,0.00,mm
MultiSensor_QPE_01H_Pass2,2026-06-16T00:00:00Z,0.00,0.00,0.00,mm
MultiSensor_QPE_01H_Pass2,2026-06-16T01:00:00Z,0.00,0.00,0.00,mm
MultiSensor_QPE_01H_Pass2,2026-06-16T02:00:00Z,0.00,0.00,0.00,mm
MultiSensor_QPE_01H_Pass2,2026-06-16T03:00:00Z,0.00,0.00,0.00,mm
MultiSensor_QPE_01H_Pass2,2026-06-16T04:00:00Z,0.00,0.00,0.00,mm
MultiSensor_QPE_01H_Pass2,2026-06-16T05:00:00Z,0.00,0.00,0.00,mm
MultiSensor_QPE_01H_Pass2,2025-04-17T00:00:00Z,0.00,0.00,0.00,mm
MultiSensor_QPE_01H_Pass2,2025-04-17T01:00:00Z,0.00,0.00,0.00,mm
MultiSensor_QPE_01H_Pass2,2025-04-17T02:00:00Z,0.00,0.00,0.00,mm
MultiSensor_QPE_01H_Pass2,2025-04-17T03:00:00Z,0.00,0.00,0.00,mm
MultiSensor_QPE_01H_Pass2,2025-04-17T04:00:00Z,0.00,0.00,0.00,mm
MultiSensor_QPE_01H_Pass2,2025-04-17T05:00:00Z,0.00,0.00,0.00,mm
MultiSensor_QPE_01H_Pass2,2025-04-17T06:00:00Z,0.00,0.00,0.00,mm
MultiSensor_QPE_01H_Pass2,2025-04-17T07:00:00Z,0.00,0.00,0.00,mm
MultiSensor_QPE_01H_Pass2,2025-04-17T08:00:00Z,0.00,0.00,0.00,mm
MultiSensor_QPE_01H_Pass2,2025-04-17T09:00:00Z,0.00,0.00,0.00,mm
MultiSensor_QPE_01H_Pass2,2025-04-17T10:00:00Z,0.00,0.00,0.00,mm
MultiSensor_QPE_01H_Pass2,2025-04-17T11:00:00Z,0.00,0.00,0.00,mm
MultiSensor_QPE_01H_Pass2,2025-04-17T12:00:00Z,0.00,0.00,0.00,mm
MultiSensor_QPE_01H_Pass2,2025-04-17T13:00:00Z,0.00,0.00,0.00,mm
MultiSensor_QPE_01H_Pass2,2025-04-17T14:00:00Z,0.00,0.00,0.00,mm
MultiSensor_QPE_01H_Pass2,2025-04-17T15:00:00Z,0.00,0.00,0.00,mm
MultiSensor_QPE_01H_Pass2,2025-04-17T16:00:00Z,0.00,0.00,0.00,mm
MultiSensor_QPE_01H_Pass2,2025-04-17T17:00:00Z,0.00,0.00,0.00,mm
MultiSensor_QPE_01H_Pass2,2025-04-17T18:00:00Z,0.00,0.00,0.00,mm
MultiSensor_QPE_01H_Pass2,2025-04-17T19:00:00Z,0.00,0.00,0.00,mm
MultiSensor_QPE_01H_Pass2,2025-04-17T20:00:00Z,0.00,0.00,0.00,mm
MultiSensor_QPE_01H_Pass2,2025-04-17T21:00:00Z,0.00,0.00,0.00,mm
MultiSensor_QPE_01H_Pass2,2025-04-17T22:00:00Z,0.00,0.00,0.00,mm
MultiSensor_QPE_01H_Pass2,2025-04-17T23:00:00Z,0.00,0.00,0.00,mm
MultiSensor_QPE_01H_Pass2,2025-04-18T00:00:00Z,0.00,0.00,0.00,mm
MultiSensor_QPE_01H_Pass2,2025-04-18T01:00:00Z,0.00,0.00,0.00,mm
MultiSensor_QPE_01H_Pass2,2025-04-18T02:00:00Z,0.00,0.00,0.00,mm
MultiSensor_QPE_01H_Pass2,2025-04-18T03:00:00Z,0.00,0.00,0.00,mm
MultiSensor_QPE_01H_Pass2,2025-04-18T04:00:00Z,0.00,0.00,0.00,mm
MultiSensor_QPE_01H_Pass2,2025-04-18T05:00:00Z,0.00,0.00,0.00,mm
MultiSensor_QPE_01H_Pass2,2025-04-18T06:00:00Z,0.00,0.00,0.00,mm
MultiSensor_QPE_01H_Pass2,2025-04-18T07:00:00Z,0.00,0.00,0.00,mm
MultiSensor_QPE_01H_Pass2,2025-04-18T08:00:00Z,0.00,0.00,0.00,mm
MultiSensor_QPE_01H_Pass2,2025-04-18T09:00:00Z,0.00,0.00,0.00,mm
MultiSensor_QPE_01H_Pass2,2025-04-18T10:00:00Z,0.00,0.00,0.00,mm
MultiSensor_QPE_01H_Pass2,2025-04-18T11:00:00Z,0.00,0.00,0.00,mm
MultiSensor_QPE_01H_Pass2,2025-04-18T12:00:00Z,0.00,0.00,0.00,mm
MultiSensor_QPE_01H_Pass2,2025-04-18T13:00:00Z,0.00,0.00,0.00,mm
MultiSensor_QPE_01H_Pass2,2025-04-18T14:00:00Z,0.00,0.00,0.00,mm
MultiSensor_QPE_01H_Pass2,2025-04-18T15:00:00Z,0.00,0.00,0.00,mm
MultiSensor_QPE_01H_Pass2,2025-04-18T16:00:00Z,0.00,0.00,0.00,mm
MultiSensor_QPE_01H_Pass2,2025-04-18T17:00:00Z,0.00,0.00,0.00,mm
MultiSensor_QPE_01H_Pass2,2025-04-18T18:00:00Z,0.00,0.00,0.00,mm
MultiSensor_QPE_01H_Pass2,2025-04-18T19:00:00Z,0.00,0.00,0.00,mm
MultiSensor_QPE_01H_Pass2,2025-04-18T20:00:00Z,0.00,0.00,0.00,mm
MultiSensor_QPE_01H_Pass2,2025-04-18T21:00:00Z,0.00,0.00,0.00,mm
MultiSensor_QPE_01H_Pass2,2025-04-18T22:00:00Z,0.00,0.00,0.00,mm
MultiSensor_QPE_01H_Pass2,2025-04-18T23:00:00Z,0.00,0.00,0.00,mm
MultiSensor_QPE_01H_Pass2,2025-08-21T00:00:00Z,1.20,1.28,1.80,mm
MultiSensor_QPE_01H_Pass2,2025-08-21T01:00:00Z,1.10,1.07,1.20,mm
MultiSensor_QPE_01H_Pass2,2025-08-21T02:00:00Z,1.20,1.12,1.30,mm
MultiSensor_QPE_01H_Pass2,2025-08-21T03:00:00Z,1.20,1.08,1.20,mm
MultiSensor_QPE_01H_Pass2,2025-08-21T04:00:00Z,0.50,0.56,0.70,mm
MultiSensor_QPE_01H_Pass2,2025-08-21T05:00:00Z,0.00,0.00,0.00,mm
MultiSensor_QPE_01H_Pass2,2025-08-21T06:00:00Z,0.00,0.00,0.00,mm
MultiSensor_QPE_01H_Pass2,2025-08-21T07:00:00Z,0.00,0.00,0.00,mm
MultiSensor_QPE_01H_Pass2,2025-08-21T08:00:00Z,0.00,0.00,0.00,mm
MultiSensor_QPE_01H_Pass2,2025-08-21T09:00:00Z,0.00,0.00,0.00,mm
MultiSensor_QPE_01H_Pass2,2025-08-21T10:00:00Z,0.00,0.00,0.00,mm
MultiSensor_QPE_01H_Pass2,2025-08-21T11:00:00Z,0.00,0.00,0.00,mm
MultiSensor_QPE_01H_Pass2,2025-08-21T12:00:00Z,0.00,0.00,0.00,mm
MultiSensor_QPE_01H_Pass2,2025-08-21T13:00:00Z,0.00,0.00,0.00,mm
MultiSensor_QPE_01H_Pass2,2025-08-21T14:00:00Z,0.00,0.00,0.00,mm
MultiSensor_QPE_01H_Pass2,2025-08-21T15:00:00Z,0.00,0.00,0.00,mm
MultiSensor_QPE_01H_Pass2,2025-08-21T16:00:00Z,0.00,0.00,0.00,mm
MultiSensor_QPE_01H_Pass2,2025-08-21T17:00:00Z,0.00,0.00,0.00,mm
MultiSensor_QPE_01H_Pass2,2025-08-21T18:00:00Z,0.00,0.00,0.00,mm
MultiSensor_QPE_01H_Pass2,2025-08-21T19:00:00Z,0.00,0.00,0.00,mm
MultiSensor_QPE_01H_Pass2,2025-08-21T20:00:00Z,0.00,0.00,0.00,mm
MultiSensor_QPE_01H_Pass2,2025-08-21T21:00:00Z,0.00,0.00,0.00,mm
MultiSensor_QPE_01H_Pass2,2025-08-21T22:00:00Z,0.00,0.00,0.00,mm
MultiSensor_QPE_01H_Pass2,2025-08-21T23:00:00Z,0.00,0.00,0.00,mm
MultiSensor_QPE_01H_Pass2,2026-02-22T00:00:00Z,0.00,0.00,0.00,mm
MultiSensor_QPE_01H_Pass2,2026-02-22T01:00:00Z,0.00,0.00,0.00,mm
MultiSensor_QPE_01H_Pass2,2026-02-22T02:00:00Z,0.00,0.00,0.00,mm
MultiSensor_QPE_01H_Pass2,2026-02-22T03:00:00Z,0.00,0.00,0.00,mm
MultiSensor_QPE_01H_Pass2,2026-02-22T04:00:00Z,0.00,0.00,0.00,mm
MultiSensor_QPE_01H_Pass2,2026-02-22T05:00:00Z,0.00,0.00,0.00,mm
MultiSensor_QPE_01H_Pass2,2026-02-22T06:00:00Z,0.00,0.00,0.00,mm
MultiSensor_QPE_01H_Pass2,2026-02-22T07:00:00Z,0.00,0.00,0.00,mm
MultiSensor_QPE_01H_Pass2,2026-02-22T08:00:00Z,0.00,0.00,0.00,mm
MultiSensor_QPE_01H_Pass2,2026-02-22T09:00:00Z,0.50,0.17,0.50,mm
MultiSensor_QPE_01H_Pass2,2026-02-22T10:00:00Z,0.00,0.00,0.00,mm
MultiSensor_QPE_01H_Pass2,2026-02-22T11:00:00Z,1.20,0.56,1.20,mm
MultiSensor_QPE_01H_Pass2,2026-02-22T12:00:00Z,0.70,0.58,0.70,mm
MultiSensor_QPE_01H_Pass2,2026-02-22T13:00:00Z,0.30,0.20,0.30,mm
MultiSensor_QPE_01H_Pass2,2026-02-22T14:00:00Z,0.00,0.00,0.00,mm
MultiSensor_QPE_01H_Pass2,2026-02-22T15:00:00Z,0.30,0.16,0.30,mm
MultiSensor_QPE_01H_Pass2,2026-02-22T16:00:00Z,0.00,0.00,0.00,mm
MultiSensor_QPE_01H_Pass2,2026-02-22T17:00:00Z,0.20,0.11,0.20,mm
MultiSensor_QPE_01H_Pass2,2026-02-22T18:00:00Z,0.00,0.00,0.00,mm
MultiSensor_QPE_01H_Pass2,2026-02-22T19:00:00Z,1.10,1.08,1.10,mm
MultiSensor_QPE_01H_Pass2,2026-02-22T20:00:00Z,0.70,0.70,0.80,mm
MultiSensor_QPE_01H_Pass2,2026-02-22T21:00:00Z,0.60,0.63,0.70,mm
MultiSensor_QPE_01H_Pass2,2026-02-22T22:00:00Z,0.80,0.81,0.90,mm
MultiSensor_QPE_01H_Pass2,2026-02-22T23:00:00Z,1.80,1.79,1.80,mm
MultiSensor_QPE_01H_Pass2,2026-02-23T00:00:00Z,1.80,1.80,1.90,mm
MultiSensor_QPE_01H_Pass2,2026-02-23T01:00:00Z,1.80,1.83,2.10,mm
MultiSensor_QPE_01H_Pass2,2026-02-23T02:00:00Z,3.60,3.52,3.60,mm
MultiSensor_QPE_01H_Pass2,2026-02-23T03:00:00Z,1.90,1.87,1.90,mm
MultiSensor_QPE_01H_Pass2,2026-02-23T04:00:00Z,1.80,1.78,1.90,mm
MultiSensor_QPE_01H_Pass2,2026-02-23T05:00:00Z,1.50,1.52,1.60,mm
MultiSensor_QPE_01H_Pass2,2026-02-23T06:00:00Z,1.60,1.63,1.70,mm
MultiSensor_QPE_01H_Pass2,2026-02-23T07:00:00Z,1.40,1.36,1.40,mm
MultiSensor_QPE_01H_Pass2,2026-02-23T08:00:00Z,1.30,1.26,1.30,mm
MultiSensor_QPE_01H_Pass2,2026-02-23T09:00:00Z,1.10,1.07,1.10,mm
MultiSensor_QPE_01H_Pass2,2026-02-23T10:00:00Z,1.40,1.43,1.50,mm
MultiSensor_QPE_01H_Pass2,2026-02-23T11:00:00Z,1.80,1.82,1.90,mm
MultiSensor_QPE_01H_Pass2,2026-02-23T12:00:00Z,2.50,2.50,2.60,mm
MultiSensor_QPE_01H_Pass2,2026-02-23T13:00:00Z,2.10,2.14,2.30,mm
MultiSensor_QPE_01H_Pass2,2026-02-23T14:00:00Z,2.30,2.27,2.50,mm
MultiSensor_QPE_01H_Pass2,2026-02-23T15:00:00Z,2.00,1.99,2.00,mm
MultiSensor_QPE_01H_Pass2,2026-02-23T16:00:00Z,1.70,1.74,1.80,mm
MultiSensor_QPE_01H_Pass2,2026-02-23T17:00:00Z,1.20,1.17,1.30,mm
MultiSensor_QPE_01H_Pass2,2026-02-23T18:00:00Z,1.60,1.60,1.80,mm
MultiSensor_QPE_01H_Pass2,2026-02-23T19:00:00Z,1.30,1.30,1.40,mm
MultiSensor_QPE_01H_Pass2,2026-02-23T20:00:00Z,1.60,1.54,1.60,mm
MultiSensor_QPE_01H_Pass2,2026-02-23T21:00:00Z,0.30,0.24,0.40,mm
MultiSensor_QPE_01H_Pass2,2026-02-23T22:00:00Z,0.00,0.00,0.00,mm
MultiSensor_QPE_01H_Pass2,2026-02-23T23:00:00Z,0.00,0.00,0.00,mm
MultiSensor_QPE_01H_Pass2,2026-04-17T00:00:00Z,0.00,0.00,0.00,mm
MultiSensor_QPE_01H_Pass2,2026-04-17T01:00:00Z,0.00,0.00,0.00,mm
MultiSensor_QPE_01H_Pass2,2026-04-17T02:00:00Z,0.00,0.00,0.00,mm
MultiSensor_QPE_01H_Pass2,2026-04-17T03:00:00Z,0.00,0.00,0.00,mm
MultiSensor_QPE_01H_Pass2,2026-04-17T04:00:00Z,0.00,0.00,0.00,mm
MultiSensor_QPE_01H_Pass2,2026-04-17T05:00:00Z,0.00,0.00,0.00,mm
MultiSensor_QPE_01H_Pass2,2026-04-17T06:00:00Z,0.00,0.00,0.00,mm
MultiSensor_QPE_01H_Pass2,2026-04-17T07:00:00Z,0.00,0.00,0.00,mm
MultiSensor_QPE_01H_Pass2,2026-04-17T08:00:00Z,0.00,0.00,0.00,mm
MultiSensor_QPE_01H_Pass2,2026-04-17T09:00:00Z,0.00,0.00,0.00,mm
MultiSensor_QPE_01H_Pass2,2026-04-17T10:00:00Z,0.00,0.00,0.00,mm
MultiSensor_QPE_01H_Pass2,2026-04-17T11:00:00Z,0.00,0.00,0.00,mm
MultiSensor_QPE_01H_Pass2,2026-04-17T12:00:00Z,0.00,0.00,0.00,mm
MultiSensor_QPE_01H_Pass2,2026-04-17T13:00:00Z,0.00,0.00,0.00,mm
MultiSensor_QPE_01H_Pass2,2026-04-17T14:00:00Z,0.00,0.00,0.00,mm
MultiSensor_QPE_01H_Pass2,2026-04-17T15:00:00Z,0.00,0.00,0.00,mm
MultiSensor_QPE_01H_Pass2,2026-04-17T16:00:00Z,0.00,0.00,0.00,mm
MultiSensor_QPE_01H_Pass2,2026-04-17T17:00:00Z,0.00,0.00,0.00,mm
MultiSensor_QPE_01H_Pass2,2026-04-17T18:00:00Z,0.00,0.00,0.00,mm
MultiSensor_QPE_01H_Pass2,2026-04-17T19:00:00Z,0.00,0.00,0.00,mm
MultiSensor_QPE_01H_Pass2,2026-04-17T20:00:00Z,0.00,0.00,0.00,mm
MultiSensor_QPE_01H_Pass2,2026-04-17T21:00:00Z,0.00,0.00,0.00,mm
MultiSensor_QPE_01H_Pass2,2026-04-17T22:00:00Z,0.00,0.00,0.00,mm
MultiSensor_QPE_01H_Pass2,2026-04-17T23:00:00Z,0.00,0.00,0.00,mm
MultiSensor_QPE_01H_Pass2,2026-04-18T00:00:00Z,0.00,0.00,0.00,mm
MultiSensor_QPE_01H_Pass2,2026-04-18T01:00:00Z,0.00,0.00,0.00,mm
MultiSensor_QPE_01H_Pass2,2026-04-18T02:00:00Z,0.00,0.00,0.00,mm
MultiSensor_QPE_01H_Pass2,2026-04-18T03:00:00Z,0.00,0.00,0.00,mm
MultiSensor_QPE_01H_Pass2,2026-04-18T04:00:00Z,0.00,0.00,0.00,mm
MultiSensor_QPE_01H_Pass2,2026-04-18T05:00:00Z,0.00,0.00,0.00,mm
MultiSensor_QPE_01H_Pass2,2026-04-18T06:00:00Z,0.00,0.00,0.00,mm
MultiSensor_QPE_01H_Pass2,2026-04-18T07:00:00Z,0.00,0.00,0.00,mm
MultiSensor_QPE_01H_Pass2,2026-04-18T08:00:00Z,0.00,0.00,0.00,mm
MultiSensor_QPE_01H_Pass2,2026-04-18T09:00:00Z,0.00,0.00,0.00,mm
MultiSensor_QPE_01H_Pass2,2026-04-18T10:00:00Z,0.00,0.00,0.00,mm
MultiSensor_QPE_01H_Pass2,2026-04-18T11:00:00Z,0.00,0.00,0.00,mm
MultiSensor_QPE_01H_Pass2,2026-04-18T12:00:00Z,0.00,0.00,0.00,mm
MultiSensor_QPE_01H_Pass2,2026-04-18T13:00:00Z,0.00,0.00,0.00,mm
MultiSensor_QPE_01H_Pass2,2026-04-18T14:00:00Z,0.00,0.00,0.00,mm
MultiSensor_QPE_01H_Pass2,2026-04-18T15:00:00Z,0.00,0.00,0.00,mm
MultiSensor_QPE_01H_Pass2,2026-04-18T16:00:00Z,0.00,0.00,0.00,mm
MultiSensor_QPE_01H_Pass2,2026-04-18T17:00:00Z,0.00,0.00,0.00,mm
MultiSensor_QPE_01H_Pass2,2026-04-18T18:00:00Z,0.00,0.00,0.00,mm
MultiSensor_QPE_01H_Pass2,2026-04-18T19:00:00Z,0.00,0.00,0.00,mm
MultiSensor_QPE_01H_Pass2,2026-04-18T20:00:00Z,0.00,0.00,0.00,mm
MultiSensor_QPE_01H_Pass2,2026-04-18T21:00:00Z,0.00,0.00,0.00,mm
MultiSensor_QPE_01H_Pass2,2026-04-18T22:00:00Z,0.00,0.00,0.00,mm
MultiSensor_QPE_01H_Pass2,2026-04-18T23:00:00Z,0.00,0.00,0.00,mm
PrecipRate,2026-07-06T14:40:00Z,8.70,14.38,24.00,mm/hr
PrecipRate,2026-07-06T14:44:00Z,25.10,28.11,43.40,mm/hr
PrecipRate,2026-07-06T14:48:00Z,26.00,25.74,39.70,mm/hr
PrecipRate,2026-07-06T14:52:00Z,33.50,25.92,48.50,mm/hr
PrecipRate,2026-07-06T14:56:00Z,23.50,30.13,49.80,mm/hr
PrecipRate,2026-07-06T15:00:00Z,16.30,27.28,47.70,mm/hr
PrecipRate,2026-07-06T15:04:00Z,40.80,33.11,47.20,mm/hr
PrecipRate,2026-07-06T15:08:00Z,36.40,43.24,63.00,mm/hr
PrecipRate,2026-07-06T15:12:00Z,74.90,56.03,74.90,mm/hr
PrecipRate,2026-07-06T15:16:00Z,60.10,56.77,77.80,mm/hr
PrecipRate,2026-07-06T15:20:00Z,52.70,42.51,61.60,mm/hr
PrecipRate,2026-07-06T15:24:00Z,13.70,27.31,68.80,mm/hr
PrecipRate,2026-07-06T15:28:00Z,19.70,19.02,39.40,mm/hr
PrecipRate,2026-07-06T15:32:00Z,8.00,9.71,13.60,mm/hr
PrecipRate,2026-07-06T15:36:00Z,5.80,6.58,10.50,mm/hr
PrecipRate,2026-07-06T15:40:00Z,8.60,6.07,10.60,mm/hr
PrecipRate,2026-08-03T13:50:00Z,0.00,0.15,0.30,mm/hr
PrecipRate,2026-08-03T13:52:00Z,1.60,1.05,1.60,mm/hr
PrecipRate,2026-08-03T13:54:00Z,1.60,1.10,1.70,mm/hr
PrecipRate,2026-08-03T13:56:00Z,0.80,0.90,1.00,mm/hr
PrecipRate,2026-08-03T13:58:00Z,2.20,2.35,2.80,mm/hr
PrecipRate,2026-08-03T14:00:00Z,3.00,3.75,4.80,mm/hr
PrecipRate,2026-08-03T14:02:00Z,3.10,3.60,4.80,mm/hr
PrecipRate,2026-08-03T14:04:00Z,5.50,6.70,8.90,mm/hr
PrecipRate,2026-08-03T14:06:00Z,3.90,3.65,4.20,mm/hr
PrecipRate,2026-08-03T14:08:00Z,5.00,7.50,12.30,mm/hr
PrecipRate,2026-08-03T14:10:00Z,7.10,8.60,13.70,mm/hr
PrecipRate,2026-08-03T14:12:00Z,35.40,13.15,19.20,mm/hr
PrecipRate,2026-08-03T14:14:00Z,11.60,34.25,35.20,mm/hr
PrecipRate,2026-08-03T14:16:00Z,47.00,61.35,79.80,mm/hr
PrecipRate,2026-08-03T14:18:00Z,50.90,62.70,81.50,mm/hr
PrecipRate,2026-08-03T14:20:00Z,52.40,53.25,62.60,mm/hr
PrecipRate,2026-08-03T14:22:00Z,47.60,72.05,100.80,mm/hr
PrecipRate,2026-08-03T14:24:00Z,39.80,62.10,85.30,mm/hr
PrecipRate,2026-08-03T14:26:00Z,39.30,59.90,84.50,mm/hr
PrecipRate,2026-08-03T14:28:00Z,23.00,23.85,26.70,mm/hr
PrecipRate,2026-08-03T14:30:00Z,8.30,16.95,25.40,mm/hr
PrecipRate,2026-08-03T14:32:00Z,9.20,9.10,10.10,mm/hr
PrecipRate,2026-08-03T14:34:00Z,9.30,8.40,8.80,mm/hr
PrecipRate,2026-08-03T14:36:00Z,7.10,5.45,5.50,mm/hr
PrecipRate,2026-08-03T14:38:00Z,6.50,9.00,9.60,mm/hr
PrecipRate,2026-08-03T14:40:00Z,6.60,9.05,9.80,mm/hr
PrecipRate,2026-08-03T14:42:00Z,7.90,8.80,8.80,mm/hr
PrecipRate,2026-08-03T14:44:00Z,8.10,4.75,6.00,mm/hr
PrecipRate,2026-08-03T14:46:00Z,3.10,6.90,8.20,mm/hr
PrecipRate,2026-08-03T14:48:00Z,3.10,6.90,8.20,mm/hr
PrecipRate,2026-08-03T14:50:00Z,6.70,5.05,7.00,mm/hr
MultiSensor_QPE_01H_Pass2,2026-08-03T14:00:00Z,0.60,0.55,0.60,mm
MultiSensor_QPE_01H_Pass2,2026-08-03T15:00:00Z,16.00,17.05,18.00,mm
MultiSensor_QPE_01H_Pass2,2026-08-03T16:00:00Z,0.50,0.40,0.40,mm
MultiSensor_QPE_01H_Pass2,2026-07-13T15:00:00Z,0.00,0.00,0.00,mm
MultiSensor_QPE_01H_Pass2,2026-07-13T16:00:00Z,0.00,0.00,0.00,mm
MultiSensor_QPE_01H_Pass2,2026-07-13T17:00:00Z,0.00,0.00,0.00,mm
MultiSensor_QPE_01H_Pass2,2026-07-13T18:00:00Z,0.00,0.00,0.00,mm
MultiSensor_QPE_01H_Pass2,2026-07-13T19:00:00Z,0.00,0.00,0.00,mm
MultiSensor_QPE_01H_Pass2,2026-07-13T20:00:00Z,0.00,0.00,0.00,mm
MultiSensor_QPE_01H_Pass2,2026-07-13T21:00:00Z,0.00,0.00,0.00,mm
MultiSensor_QPE_01H_Pass2,2026-07-13T22:00:00Z,0.00,0.00,0.00,mm
MultiSensor_QPE_01H_Pass2,2026-07-13T23:00:00Z,0.00,0.00,0.00,mm
MultiSensor_QPE_01H_Pass2,2026-07-14T00:00:00Z,0.00,0.00,0.00,mm
MultiSensor_QPE_01H_Pass2,2026-07-14T01:00:00Z,0.00,0.00,0.00,mm
MultiSensor_QPE_01H_Pass2,2026-07-14T02:00:00Z,0.00,0.00,0.00,mm
MultiSensor_QPE_01H_Pass2,2026-07-14T03:00:00Z,0.00,0.00,0.00,mm
PrecipRate,2026-08-07T21:50:00Z,0.00,0.00,0.00,mm/hr
PrecipRate,2026-08-07T21:52:00Z,0.00,0.00,0.00,mm/hr
PrecipRate,2026-08-07T21:56:00Z,0.90,0.90,1.10,mm/hr
PrecipRate,2026-08-07T22:00:00Z,11.70,37.50,63.60,mm/hr
PrecipRate,2026-08-07T22:02:00Z,44.10,54.35,72.80,mm/hr
PrecipRate,2026-08-07T22:04:00Z,73.70,28.80,30.30,mm/hr
PrecipRate,2026-08-07T22:06:00Z,64.80,18.10,23.40,mm/hr
PrecipRate,2026-08-07T22:08:00Z,26.00,3.90,4.60,mm/hr
PrecipRate,2026-08-07T22:10:00Z,23.00,5.50,5.70,mm/hr
PrecipRate,2026-08-07T22:12:00Z,40.70,32.55,43.30,mm/hr
PrecipRate,2026-08-07T22:14:00Z,45.10,43.85,53.70,mm/hr
PrecipRate,2026-08-07T22:16:00Z,96.60,83.70,90.90,mm/hr
PrecipRate,2026-08-07T22:18:00Z,99.50,66.20,76.00,mm/hr
PrecipRate,2026-08-07T22:20:00Z,125.00,111.80,115.50,mm/hr
PrecipRate,2026-08-07T22:22:00Z,123.00,104.65,109.90,mm/hr
PrecipRate,2026-08-07T22:24:00Z,122.20,100.95,105.00,mm/hr
PrecipRate,2026-08-07T22:26:00Z,113.50,93.05,102.30,mm/hr
PrecipRate,2026-08-07T22:28:00Z,100.60,111.25,113.20,mm/hr
PrecipRate,2026-08-07T22:30:00Z,85.20,97.80,105.80,mm/hr
PrecipRate,2026-08-07T22:32:00Z,82.40,66.40,72.60,mm/hr
PrecipRate,2026-08-07T22:34:00Z,81.30,72.20,79.10,mm/hr
PrecipRate,2026-08-07T22:36:00Z,56.20,50.95,52.60,mm/hr
PrecipRate,2026-08-07T22:38:00Z,51.10,29.60,31.50,mm/hr
PrecipRate,2026-08-07T22:40:00Z,10.60,10.65,14.00,mm/hr
PrecipRate,2026-08-07T22:42:00Z,1.20,0.60,0.60,mm/hr
PrecipRate,2026-08-07T22:44:00Z,1.20,0.60,0.60,mm/hr
PrecipRate,2026-08-07T22:46:00Z,1.00,0.65,0.70,mm/hr
PrecipRate,2026-08-07T22:48:00Z,1.20,1.55,1.70,mm/hr
PrecipRate,2026-08-07T22:50:00Z,2.30,2.75,3.80,mm/hr
PrecipRate,2026-08-07T22:52:00Z,8.80,4.20,4.90,mm/hr
PrecipRate,2026-08-07T22:54:00Z,8.60,4.15,4.80,mm/hr
PrecipRate,2026-08-07T22:56:00Z,4.30,1.50,1.80,mm/hr
PrecipRate,2026-08-07T22:58:00Z,4.30,1.50,1.90,mm/hr
PrecipRate,2026-08-07T23:00:00Z,1.10,0.80,0.80,mm/hr
PrecipRate,2026-08-07T23:02:00Z,0.20,0.00,0.00,mm/hr
PrecipRate,2026-08-07T23:06:00Z,0.00,0.00,0.00,mm/hr
PrecipRate,2026-08-07T23:10:00Z,0.50,0.00,0.00,mm/hr
MultiSensor_QPE_01H_Pass2,2026-08-07T22:00:00Z,0.60,1.35,1.50,mm
MultiSensor_QPE_01H_Pass2,2026-08-07T23:00:00Z,47.30,40.35,40.90,mm
MultiSensor_QPE_01H_Pass2,2026-08-07T00:00:00Z,0.00,0.00,0.00,mm
PrecipRate,2026-09-01T23:00:00Z,0.00,0.00,0.00,mm/hr
PrecipRate,2026-09-01T23:02:00Z,0.00,0.00,0.00,mm/hr
PrecipRate,2026-09-01T23:04:00Z,8.20,0.00,0.00,mm/hr
PrecipRate,2026-09-01T23:06:00Z,11.10,0.00,0.00,mm/hr
PrecipRate,2026-09-01T23:08:00Z,76.50,48.40,52.70,mm/hr
PrecipRate,2026-09-01T23:10:00Z,80.90,48.10,52.00,mm/hr
PrecipRate,2026-09-01T23:12:00Z,76.70,48.25,54.70,mm/hr
PrecipRate,2026-09-01T23:14:00Z,73.70,49.95,62.80,mm/hr
PrecipRate,2026-09-01T23:16:00Z,75.10,48.55,62.70,mm/hr
PrecipRate,2026-09-01T23:18:00Z,27.70,36.55,37.50,mm/hr
PrecipRate,2026-09-01T23:20:00Z,34.50,31.45,31.70,mm/hr
PrecipRate,2026-09-01T23:22:00Z,4.00,8.85,9.00,mm/hr
PrecipRate,2026-09-01T23:24:00Z,3.90,8.10,8.90,mm/hr
PrecipRate,2026-09-01T23:26:00Z,3.50,7.15,7.50,mm/hr
PrecipRate,2026-09-01T23:28:00Z,4.00,0.00,0.00,mm/hr
PrecipRate,2026-09-01T23:30:00Z,6.20,0.30,0.30,mm/hr
PrecipRate,2026-09-01T23:32:00Z,5.80,4.15,4.20,mm/hr
PrecipRate,2026-09-01T23:34:00Z,4.10,3.60,3.80,mm/hr
PrecipRate,2026-09-01T23:36:00Z,6.20,6.85,6.90,mm/hr
PrecipRate,2026-09-01T23:40:00Z,5.00,6.00,6.00,mm/hr
PrecipRate,2026-09-01T23:44:00Z,5.70,8.25,9.80,mm/hr
PrecipRate,2026-09-01T23:48:00Z,7.00,4.90,5.00,mm/hr
PrecipRate,2026-09-01T23:52:00Z,3.50,10.20,12.40,mm/hr
PrecipRate,2026-09-01T23:56:00Z,1.70,1.85,2.30,mm/hr
MultiSensor_QPE_01H_Pass2,2026-09-01T23:00:00Z,0.50,0.35,0.40,mm
MultiSensor_QPE_01H_Pass2,2026-09-01T00:00:00Z,0.00,0.00,0.00,mm
