lat,lon,elev_navd88_ft,street
40.408058,-73.995646,9.38,Sandpiper
40.407852,-73.995761,7.97,Sandpiper
40.407645,-73.995877,8.17,Sandpiper
40.40744,-73.995998,7.55,Sandpiper
40.407239,-73.996129,7.32,Sandpiper
40.407037,-73.996258,6.99,Sandpiper
40.406839,-73.996396,6.69,Sandpiper
40.406661,-73.996571,7.22,Sandpiper
40.406474,-73.996728,6.76,Sandpiper
40.406278,-73.996871,6.79,Sandpiper
40.406099,-73.997047,7.91,Sandpiper
40.406075,-73.997069,7.97,Sandpiper
40.393383,-73.977231,6.2,Highlands Court
40.39333,-73.976946,7.84,Highlands Court
40.393258,-73.976667,8.69,Highlands Court
40.393189,-73.976386,8.99,Highlands Court
40.393124,-73.976104,7.61,Highlands Court
40.393001,-73.975966,6.59,Highlands Court
40.392855,-73.976173,8.43,Highlands Court
40.392744,-73.97643,9.15,Highlands Court
40.392637,-73.976689,8.2,Highlands Court
40.392526,-73.976944,7.64,Highlands Court
40.392473,-73.977113,6.5,Highlands Court
40.395576,-73.98402,93.34,Oceanview Terrace
40.395351,-73.984025,95.6,Oceanview Terrace
40.395127,-73.984024,97.11,Oceanview Terrace
40.394903,-73.984003,97.38,Oceanview Terrace
40.394681,-73.983959,98.26,Oceanview Terrace
40.394582,-73.983938,98.36,Oceanview Terrace
40.408177,-73.995998,10.04,Sandpiper
40.408086,-73.995728,9.71,Sandpiper
40.408007,-73.995503,9.58,Sandpiper
40.407453,-73.991196,4.27,Huddy Avenue
40.407255,-73.991335,3.94,Huddy Avenue
40.407057,-73.991475,3.61,Huddy Avenue
40.406859,-73.991614,3.48,Huddy Avenue
40.406661,-73.991753,3.31,Huddy Avenue
40.406464,-73.991893,3.28,Huddy Avenue
40.406266,-73.992034,3.54,Huddy Avenue
40.406069,-73.992174,3.94,Huddy Avenue
40.405871,-73.992313,3.67,Huddy Avenue
40.405672,-73.992452,4.04,Huddy Avenue
40.405474,-73.992591,4.2,Huddy Avenue
40.405276,-73.99273,4.23,Huddy Avenue
40.405079,-73.99287,4.3,Huddy Avenue
40.404881,-73.99301,4.76,Huddy Avenue
40.404683,-73.99315,4.63,Huddy Avenue
40.404485,-73.993289,5.48,Huddy Avenue
40.404287,-73.993428,5.91,Huddy Avenue
40.404098,-73.993561,7.64,Huddy Avenue
40.398634,-73.992563,112.2,North Peak Street
40.398626,-73.992803,118.77,North Peak Street
40.398834,-73.992705,123.29,North Peak Street
40.399021,-73.992544,133.66,North Peak Street
40.399212,-73.99239,136.25,North Peak Street
40.39941,-73.992249,138.52,North Peak Street
40.399607,-73.992108,142.49,North Peak Street
40.399794,-73.991946,144.88,North Peak Street
40.399977,-73.991775,145.7,North Peak Street
40.406723,-73.989423,4.92,Sea Drift Avenue
40.406535,-73.989439,4.82,Sea Drift Avenue
40.406336,-73.989578,4.79,Sea Drift Avenue
40.406138,-73.989716,4.66,Sea Drift Avenue
40.40594,-73.989855,4.27,Sea Drift Avenue
40.405742,-73.989993,3.87,Sea Drift Avenue
40.405544,-73.990133,4.27,Sea Drift Avenue
40.405346,-73.990273,4.4,Sea Drift Avenue
40.405149,-73.990413,4.82,Sea Drift Avenue
40.404951,-73.990553,5.12,Sea Drift Avenue
40.404753,-73.990693,4.86,Sea Drift Avenue
40.404556,-73.990833,4.86,Sea Drift Avenue
40.404358,-73.990973,4.86,Sea Drift Avenue
40.40416,-73.991113,4.79,Sea Drift Avenue
40.403963,-73.991253,4.69,Sea Drift Avenue
40.403765,-73.991393,4.79,Sea Drift Avenue
40.403567,-73.991533,5.02,Sea Drift Avenue
40.40337,-73.991673,5.12,Sea Drift Avenue
40.403172,-73.991812,7.41,Sea Drift Avenue
40.403124,-73.991846,8.04,Sea Drift Avenue
40.397592,-73.984639,82.05,Light House Road
40.397588,-73.98492,94.09,Light House Road
40.397603,-73.985214,105.09,Light House Road
40.397597,-73.985508,114.63,Light House Road
40.397565,-73.9858,122.97,Light House Road
40.397519,-73.986088,130.97,Light House Road
40.39741,-73.986343,140.16,Light House Road
40.397229,-73.986514,150.82,Light House Road
40.397117,-73.98653,157.22,Light House Road
40.394603,-73.982023,44.95,Oceanview Avenue
40.394827,-73.982005,42.91,Oceanview Avenue
40.395052,-73.981988,41.83,Oceanview Avenue
40.395171,-73.981978,41.37,Oceanview Avenue
40.403463,-74.008996,94.13,Van Kirk Avenue
40.403241,-74.009027,90.19,Van Kirk Avenue
40.403022,-74.009092,89.9,Van Kirk Avenue
40.402802,-74.00915,95.96,Van Kirk Avenue
40.402583,-74.009217,104.13,Van Kirk Avenue
40.402364,-74.009284,110.53,Van Kirk Avenue
40.402146,-74.009351,118.47,Van Kirk Avenue
40.402026,-74.009421,123.33,Van Kirk Avenue
40.401094,-73.984303,3.74,Jackson Street
40.400929,-73.984503,3.54,Jackson Street
40.400761,-73.984699,3.84,Jackson Street
40.400594,-73.984896,3.81,Jackson Street
40.400426,-73.985092,4.59,Jackson Street
40.401281,-73.98345,3.81,Jackson Street
40.401248,-73.983742,3.77,Jackson Street
40.401214,-73.984033,3.84,Jackson Street
40.401182,-73.984315,3.61,Jackson Street
40.401416,-73.982848,4.4,Jackson Street
40.401382,-73.98314,4.04,Jackson Street
40.401346,-73.983431,3.54,Jackson Street
40.406124,-73.997154,7.64,Marie Place
40.404019,-73.986238,5.41,Valley Street
40.403843,-73.986421,6.56,Valley Street
40.403667,-73.986604,7.05,Valley Street
40.403483,-73.986772,7.64,Valley Street
40.403297,-73.986938,5.61,Valley Street
40.403112,-73.987106,5.05,Valley Street
40.402928,-73.987275,4.46,Valley Street
40.402744,-73.987444,3.61,Valley Street
40.402561,-73.987614,3.87,Valley Street
40.402377,-73.987784,3.87,Valley Street
40.402197,-73.98796,3.61,Valley Street
40.402015,-73.988132,3.41,Valley Street
40.401831,-73.988302,3.97,Valley Street
40.40165,-73.988475,4.33,Valley Street
40.401463,-73.988639,4.99,Valley Street
40.401364,-73.988725,6.63,Valley Street
40.40734,-73.990919,4.27,Marine Place
40.407446,-73.991178,4.13,Marine Place
40.407552,-73.991438,4.3,Marine Place
40.407659,-73.991698,4.59,Marine Place
40.407768,-73.991956,4.46,Marine Place
40.40788,-73.992211,4.66,Marine Place
40.406833,-73.98968,4.72,Marine Place
40.406942,-73.989938,4.53,Marine Place
40.407049,-73.990197,4.76,Marine Place
40.407087,-73.99029,4.82,Marine Place
40.399183,-73.983275,4.2,Bay Avenue
40.399329,-73.983499,4.36,Bay Avenue
40.399475,-73.983723,4.49,Bay Avenue
40.399624,-73.983944,4.82,Bay Avenue
40.399774,-73.984164,4.92,Bay Avenue
40.399924,-73.984383,5.28,Bay Avenue
40.400076,-73.984601,5.35,Bay Avenue
40.400222,-73.984825,5.05,Bay Avenue
40.400368,-73.985049,4.66,Bay Avenue
40.40052,-73.985265,4.49,Bay Avenue
40.40067,-73.985485,4.36,Bay Avenue
40.40082,-73.985704,4.1,Bay Avenue
40.400968,-73.985927,3.58,Bay Avenue
40.401061,-73.98607,3.38,Bay Avenue
40.397999,-74.020585,51.28,Navesink Avenue
40.398107,-74.020326,53.35,Navesink Avenue
40.398214,-74.020067,55.38,Navesink Avenue
40.398321,-74.019808,56.59,Navesink Avenue
40.398428,-74.019549,57.19,Navesink Avenue
40.398536,-74.01929,57.28,Navesink Avenue
40.398645,-74.019032,57.41,Navesink Avenue
40.398754,-74.018774,57.02,Navesink Avenue
40.398864,-74.018517,56.46,Navesink Avenue
40.398973,-74.018259,55.97,Navesink Avenue
40.399082,-74.018001,55.35,Navesink Avenue
40.399191,-74.017744,55.51,Navesink Avenue
40.3993,-74.017486,54.89,Navesink Avenue
40.399409,-74.017228,53.84,Navesink Avenue
40.399518,-74.01697,52.56,Navesink Avenue
40.399624,-74.01671,50.82,Navesink Avenue
40.399733,-74.016452,48.92,Navesink Avenue
40.399843,-74.016195,48.92,Navesink Avenue
40.399954,-74.015939,49.28,Navesink Avenue
40.400064,-74.015682,50.2,Navesink Avenue
40.400175,-74.015425,51.08,Navesink Avenue
40.400286,-74.015169,52.36,Navesink Avenue
40.400397,-74.014912,54.3,Navesink Avenue
40.400505,-74.014654,56.43,Navesink Avenue
40.400612,-74.014395,58.33,Navesink Avenue
40.400719,-74.014136,60.2,Navesink Avenue
40.400826,-74.013876,62.3,Navesink Avenue
40.400951,-74.013632,64.57,Navesink Avenue
40.401107,-74.01342,65.91,Navesink Avenue
40.401267,-74.013213,67.29,Navesink Avenue
40.401431,-74.013011,68.47,Navesink Avenue
40.401595,-74.01281,69.82,Navesink Avenue
40.401759,-74.012609,71.06,Navesink Avenue
40.401924,-74.012408,72.24,Navesink Avenue
40.402084,-74.012201,73.52,Navesink Avenue
40.402243,-74.011993,75.07,Navesink Avenue
40.402401,-74.011784,76.54,Navesink Avenue
40.402548,-74.011561,77.76,Navesink Avenue
40.402667,-74.011311,79.23,Navesink Avenue
40.402767,-74.011048,80.54,Navesink Avenue
40.40286,-74.010779,81.73,Navesink Avenue
40.402952,-74.01051,82.68,Navesink Avenue
40.403043,-74.010241,84.09,Navesink Avenue
40.403134,-74.009971,85.5,Navesink Avenue
40.403225,-74.009701,87.11,Navesink Avenue
40.403315,-74.009431,89.11,Navesink Avenue
40.403407,-74.009162,92.19,Navesink Avenue
40.403498,-74.008893,95.34,Navesink Avenue
40.403591,-74.008624,98.72,Navesink Avenue
40.403683,-74.008355,102.13,Navesink Avenue
40.403775,-74.008086,105.61,Navesink Avenue
40.403867,-74.007817,109.15,Navesink Avenue
40.403961,-74.007549,112.7,Navesink Avenue
40.404055,-74.007281,116.7,Navesink Avenue
40.404149,-74.007013,121.78,Navesink Avenue
40.404242,-74.006745,126.94,Navesink Avenue
40.404253,-74.006715,127.59,Navesink Avenue
40.402724,-73.984524,2.89,North Street
40.402906,-73.984352,3.48,North Street
40.403051,-73.984217,3.81,North Street
40.401249,-73.98591,3.48,North Street
40.401432,-73.985739,3.61,North Street
40.401614,-73.985567,3.48,North Street
40.401797,-73.985395,3.61,North Street
40.401979,-73.985224,3.71,North Street
40.402162,-73.985052,3.58,North Street
40.402345,-73.984881,3.51,North Street
40.402527,-73.984709,3.58,North Street
40.400163,-73.984073,4.79,Kay Street
40.400248,-73.98381,4.56,Kay Street
40.400283,-73.983519,4.3,Kay Street
40.400314,-73.983265,4.4,Kay Street
40.402247,-73.993757,86.88,Waddell Avenue
40.402448,-73.993625,84.94,Waddell Avenue
40.402648,-73.993491,84.06,Waddell Avenue
40.402849,-73.993359,82.87,Waddell Avenue
40.403051,-73.993231,74.84,Waddell Avenue
40.403184,-73.993147,71.1,Waddell Avenue
40.404117,-74.006614,129.59,Raritan Avenue
40.403893,-74.006617,130.64,Raritan Avenue
40.40367,-74.006651,126.8,Raritan Avenue
40.403449,-74.006707,121.52,Raritan Avenue
40.40323,-74.006769,117.81,Raritan Avenue
40.40301,-74.00683,116.27,Raritan Avenue
40.402903,-74.006856,115.19,Raritan Avenue
40.406213,-74.004491,181.1,Scenic Drive
40.406398,-74.004324,183.3,Scenic Drive
40.406538,-74.004097,188.12,Scenic Drive
40.406574,-74.003809,188.16,Scenic Drive
40.406533,-74.00352,186.88,Scenic Drive
40.406463,-74.003239,185.56,Scenic Drive
40.406368,-74.002974,184.71,Scenic Drive
40.406239,-74.002733,185.89,Scenic Drive
40.406099,-74.002501,187.83,Scenic Drive
40.405962,-74.002268,189.96,Scenic Drive
40.405827,-74.002033,192.85,Scenic Drive
40.405691,-74.001798,196.36,Scenic Drive
40.405559,-74.001559,199.87,Scenic Drive
40.405567,-74.001284,201.67,Scenic Drive
40.405775,-74.001247,203.31,Scenic Drive
40.405968,-74.001397,206.27,Scenic Drive
40.40616,-74.00155,209.71,Scenic Drive
40.405275,-74.007271,153.58,Buttermilk Ridge Road
40.405059,-74.007341,149.18,Buttermilk Ridge Road
40.404889,-74.007532,147.67,Buttermilk Ridge Road
40.404825,-74.007807,153.18,Buttermilk Ridge Road
40.404863,-74.008097,156.07,Buttermilk Ridge Road
40.404903,-74.008387,157.32,Buttermilk Ridge Road
40.405059,-74.008557,158.79,Buttermilk Ridge Road
40.405252,-74.008412,161.61,Buttermilk Ridge Road
40.40533,-74.008164,161.02,Buttermilk Ridge Road
40.40522,-74.007907,158.27,Buttermilk Ridge Road
40.40503,-74.00781,155.28,Buttermilk Ridge Road
40.398608,-73.983883,10.24,South Street
40.398769,-73.983682,6.33,South Street
40.398948,-73.983506,5.05,South Street
40.399128,-73.983329,4.0,South Street
40.399301,-73.983141,3.84,South Street
40.399383,-73.98308,4.1,South Street
40.398413,-73.987768,68.04,South Peak Street
40.398191,-73.987726,70.31,South Peak Street
40.397969,-73.987681,73.46,South Peak Street
40.397747,-73.987635,75.69,South Peak Street
40.397525,-73.987589,78.25,South Peak Street
40.397303,-73.987543,81.0,South Peak Street
40.397093,-73.987456,88.42,South Peak Street
40.39691,-73.987288,108.07,South Peak Street
40.396797,-73.987043,124.05,South Peak Street
40.39649,-73.98793,103.71,South Peak Street
40.396693,-73.987805,97.8,South Peak Street
40.396896,-73.987679,91.54,South Peak Street
40.3971,-73.987554,85.27,South Peak Street
40.397164,-73.987514,83.89,South Peak Street
40.396688,-73.982707,44.16,Highland Avenue
40.396699,-73.983002,48.72,Highland Avenue
40.396713,-73.983296,54.27,Highland Avenue
40.396834,-73.983537,59.94,Highland Avenue
40.396986,-73.983754,64.99,Highland Avenue
40.397141,-73.983967,69.39,Highland Avenue
40.397298,-73.984178,73.65,Highland Avenue
40.397455,-73.984389,77.53,Highland Avenue
40.397707,-73.984876,83.37,Highland Avenue
40.397816,-73.985133,84.78,Highland Avenue
40.397913,-73.9854,85.83,Highland Avenue
40.398012,-73.985664,86.35,Highland Avenue
40.398055,-73.985952,86.02,Highland Avenue
40.398062,-73.986243,83.56,Highland Avenue
40.397982,-73.986519,80.48,Highland Avenue
40.398007,-73.986795,78.64,Highland Avenue
40.398117,-73.987052,77.1,Highland Avenue
40.398226,-73.987309,74.77,Highland Avenue
40.398332,-73.987569,70.14,Highland Avenue
40.398552,-73.988084,67.91,Highland Avenue
40.398661,-73.988341,69.62,Highland Avenue
40.398766,-73.988602,72.74,Highland Avenue
40.398874,-73.98886,77.82,Highland Avenue
40.398988,-73.989114,82.84,Highland Avenue
40.399098,-73.989372,86.38,Highland Avenue
40.399208,-73.989629,87.66,Highland Avenue
40.399327,-73.989878,83.6,Highland Avenue
40.399463,-73.990113,77.0,Highland Avenue
40.399615,-73.990329,69.88,Highland Avenue
40.399677,-73.990399,68.83,Highland Avenue
40.396641,-73.982423,39.17,Highland Avenue
40.396526,-73.98217,30.41,Highland Avenue
40.396415,-73.981914,21.59,Highland Avenue
40.396372,-73.981628,13.32,Highland Avenue
40.39636,-73.98137,10.17,Highland Avenue
40.402415,-73.994631,75.72,Rogers Street
40.402616,-73.9945,76.51,Rogers Street
40.402816,-73.994365,78.18,Rogers Street
40.403015,-73.994229,78.35,Rogers Street
40.403209,-73.994081,74.7,Rogers Street
40.403401,-73.993928,66.47,Rogers Street
40.403552,-73.993817,61.12,Rogers Street
40.398187,-73.98949,131.0,Woodland Street
40.398412,-73.989492,119.29,Woodland Street
40.398631,-73.989439,106.1,Woodland Street
40.39881,-73.989273,92.72,Woodland Street
40.40642,-73.991555,3.35,Recreation Place
40.406527,-73.991814,2.89,Recreation Place
40.406632,-73.992075,3.38,Recreation Place
40.406737,-73.992336,3.48,Recreation Place
40.406842,-73.992596,3.97,Recreation Place
40.406948,-73.992856,4.33,Recreation Place
40.407055,-73.99311,4.1,Recreation Place
40.405759,-73.989981,3.94,Recreation Place
40.405867,-73.99024,4.17,Recreation Place
40.405975,-73.990498,4.07,Recreation Place
40.406081,-73.990758,3.84,Recreation Place
40.406187,-73.991018,3.84,Recreation Place
40.406255,-73.991184,3.81,Recreation Place
40.403443,-74.004775,191.86,Erie Road
40.403237,-74.00466,189.99,Erie Road
40.40304,-74.004519,189.27,Erie Road
40.402851,-74.004361,188.88,Erie Road
40.402849,-74.004092,194.13,Erie Road
40.402904,-74.003806,197.21,Erie Road
40.402889,-74.003513,195.18,Erie Road
40.402882,-74.003406,193.57,Erie Road
40.398914,-73.983907,5.94,South 2nd Street
40.399057,-73.984135,6.43,South 2nd Street
40.3992,-73.984362,6.36,South 2nd Street
40.399346,-73.984586,6.2,South 2nd Street
40.399493,-73.984809,5.64,South 2nd Street
40.399641,-73.985031,5.71,South 2nd Street
40.399667,-73.985071,5.74,South 2nd Street
40.402202,-73.989464,3.64,South 2nd Street
40.40207,-73.989226,3.67,South 2nd Street
40.401937,-73.988987,3.58,South 2nd Street
40.401805,-73.988749,3.87,South 2nd Street
40.401673,-73.988511,3.9,South 2nd Street
40.399835,-73.984876,5.22,Spring Street
40.400004,-73.984681,5.05,Spring Street
40.40395,-74.00758,112.43,1st Avenue
40.403728,-74.00763,109.58,1st Avenue
40.403509,-74.007692,106.23,1st Avenue
40.403289,-74.007754,103.12,1st Avenue
40.40307,-74.007817,100.56,1st Avenue
40.40285,-74.007879,100.2,1st Avenue
40.402633,-74.007951,102.72,1st Avenue
40.402415,-74.008024,109.22,1st Avenue
40.402197,-74.008096,118.5,1st Avenue
40.401981,-74.008176,128.84,1st Avenue
40.401912,-74.008209,133.63,1st Avenue
40.396024,-73.988165,113.81,Oak Street
40.396026,-73.987871,118.18,Oak Street
40.396029,-73.987618,126.51,Oak Street
40.399042,-73.995707,238.16,Bluff Edge Drive
40.399185,-73.99548,231.56,Bluff Edge Drive
40.399303,-73.99523,226.44,Bluff Edge Drive
40.399317,-73.994939,223.52,Bluff Edge Drive
40.399314,-73.994645,221.95,Bluff Edge Drive
40.399434,-73.9944,221.65,Bluff Edge Drive
40.399637,-73.994293,220.28,Bluff Edge Drive
40.399777,-73.994233,219.36,Bluff Edge Drive
40.403525,-73.988919,8.17,Holly Street
40.403628,-73.989107,6.63,Holly Street
40.405308,-74.004956,169.69,Orchard Avenue
40.405523,-74.004871,170.57,Orchard Avenue
40.405736,-74.004778,174.64,Orchard Avenue
40.405947,-74.004678,178.22,Orchard Avenue
40.406151,-74.004555,180.32,Orchard Avenue
40.392374,-73.976947,4.33,North Way
40.392151,-73.976918,4.82,North Way
40.391927,-73.976889,6.43,North Way
40.402489,-73.985604,4.2,5th Street
40.402623,-73.985841,4.1,5th Street
40.402757,-73.986078,4.43,5th Street
40.402889,-73.986316,4.89,5th Street
40.403018,-73.986557,5.02,5th Street
40.403147,-73.986799,5.25,5th Street
40.403276,-73.987041,6.1,5th Street
40.403405,-73.987282,7.41,5th Street
40.403536,-73.987521,6.56,5th Street
40.403668,-73.98776,5.41,5th Street
40.403799,-73.987999,4.49,5th Street
40.403839,-73.988071,4.33,5th Street
40.401104,-73.999658,207.58,Coquette Lane
40.401154,-73.999371,208.63,Coquette Lane
40.401188,-73.999079,208.66,Coquette Lane
40.401146,-73.998794,206.3,Coquette Lane
40.401022,-73.99855,202.49,Coquette Lane
40.400842,-73.998377,198.98,Coquette Lane
40.40063,-73.99828,196.65,Coquette Lane
40.400522,-73.998046,189.34,Coquette Lane
40.400567,-73.997761,183.86,Coquette Lane
40.400657,-73.997491,180.25,Coquette Lane
40.400721,-73.997209,178.67,Coquette Lane
40.400747,-73.996916,175.89,Coquette Lane
40.400753,-73.996621,171.46,Coquette Lane
40.400776,-73.996328,159.81,Coquette Lane
40.400795,-73.996034,148.59,Coquette Lane
40.400823,-73.995742,139.47,Coquette Lane
40.404074,-74.001242,125.26,Ontario Avenue
40.40385,-74.001233,130.12,Ontario Avenue
40.403626,-74.001212,136.45,Ontario Avenue
40.403402,-74.001185,140.32,Ontario Avenue
40.403182,-74.001126,139.86,Ontario Avenue
40.402962,-74.001065,143.31,Ontario Avenue
40.402741,-74.001016,149.25,Ontario Avenue
40.402519,-74.000975,154.49,Ontario Avenue
40.402295,-74.000948,159.42,Ontario Avenue
40.40416,-73.988687,4.72,Cedar Street
40.403967,-73.988839,5.18,Cedar Street
40.403775,-73.988991,5.71,Cedar Street
40.403341,-73.989089,6.89,Cedar Street
40.403159,-73.989261,5.05,Cedar Street
40.402999,-73.989414,4.66,Cedar Street
40.40592,-73.997358,7.78,Marie Avenue
40.405995,-73.997655,8.53,Bayside Drive
40.394688,-73.982551,54.33,Riker Street
40.394641,-73.982262,48.33,Riker Street
40.394524,-73.984515,131.1,Hillside Ct
40.394748,-73.984521,128.22,Hillside Ct
40.394973,-73.984521,124.77,Hillside Ct
40.395197,-73.984515,122.31,Hillside Ct
40.395421,-73.984508,118.96,Hillside Ct
40.395578,-73.98432,107.35,Hillside Ct
40.395578,-73.984068,95.05,Hillside Ct
40.407925,-73.99249,4.53,Snug Harbor Avenue
40.407728,-73.992632,4.4,Snug Harbor Avenue
40.40753,-73.992772,4.56,Snug Harbor Avenue
40.407333,-73.992912,4.4,Snug Harbor Avenue
40.406938,-73.993194,3.9,Snug Harbor Avenue
40.406742,-73.993337,3.71,Snug Harbor Avenue
40.406545,-73.99348,3.51,Snug Harbor Avenue
40.406349,-73.993623,3.58,Snug Harbor Avenue
40.406153,-73.993767,3.94,Snug Harbor Avenue
40.405954,-73.993905,3.9,Snug Harbor Avenue
40.405755,-73.994042,3.9,Snug Harbor Avenue
40.405557,-73.994179,4.4,Snug Harbor Avenue
40.405359,-73.994318,4.26,Snug Harbor Avenue
40.405172,-73.994455,4.49,Snug Harbor Avenue
40.407712,-73.991827,4.56,Waterwitch Avenue
40.407514,-73.991967,4.46,Waterwitch Avenue
40.407316,-73.992106,4.0,Waterwitch Avenue
40.407119,-73.992246,4.04,Waterwitch Avenue
40.406921,-73.992386,3.67,Waterwitch Avenue
40.406723,-73.992526,3.71,Waterwitch Avenue
40.406526,-73.992668,3.94,Waterwitch Avenue
40.406329,-73.992809,4.3,Waterwitch Avenue
40.406132,-73.992951,4.33,Waterwitch Avenue
40.405935,-73.993093,4.79,Waterwitch Avenue
40.405737,-73.993232,4.49,Waterwitch Avenue
40.405539,-73.99337,4.69,Waterwitch Avenue
40.40534,-73.993507,4.46,Waterwitch Avenue
40.405142,-73.993645,4.53,Waterwitch Avenue
40.404942,-73.99378,4.4,Waterwitch Avenue
40.403906,-73.994941,37.34,Waterwitch Avenue
40.403688,-73.995014,41.77,Waterwitch Avenue
40.403471,-73.995086,46.36,Waterwitch Avenue
40.403253,-73.995159,51.61,Waterwitch Avenue
40.403035,-73.995231,58.4,Waterwitch Avenue
40.402818,-73.995304,65.29,Waterwitch Avenue
40.402599,-73.995373,73.72,Waterwitch Avenue
40.403752,-74.005909,161.19,Delaware Avenue
40.403853,-74.005646,168.7,Delaware Avenue
40.403947,-74.005378,175.46,Delaware Avenue
40.404041,-74.00511,182.22,Delaware Avenue
40.404135,-74.004842,189.27,Delaware Avenue
40.404229,-74.004575,196.19,Delaware Avenue
40.4043,-74.004296,199.93,Delaware Avenue
40.404298,-74.004002,199.02,Delaware Avenue
40.404274,-74.003708,195.28,Delaware Avenue
40.404251,-74.003415,189.3,Delaware Avenue
40.404228,-74.003122,182.81,Delaware Avenue
40.404203,-74.002829,175.72,Delaware Avenue
40.404176,-74.002536,167.29,Delaware Avenue
40.404149,-74.002243,158.27,Delaware Avenue
40.404123,-74.00195,149.18,Delaware Avenue
40.4041,-74.001657,138.68,Delaware Avenue
40.40408,-74.001363,128.48,Delaware Avenue
40.404164,-74.001115,119.91,Delaware Avenue
40.404248,-74.000995,119.09,Delaware Avenue
40.393661,-73.97581,6.27,Mountain View Way
40.393639,-73.976104,6.36,Mountain View Way
40.393616,-73.976397,5.64,Mountain View Way
40.393594,-73.976691,5.41,Mountain View Way
40.393571,-73.976984,5.91,Mountain View Way
40.393563,-73.977086,6.14,Mountain View Way
40.412041,-73.979996,10.37,Hartshorne Drive
40.412263,-73.980042,10.07,Hartshorne Drive
40.412485,-73.980087,9.81,Hartshorne Drive
40.412707,-73.980133,9.45,Hartshorne Drive
40.412928,-73.980179,9.22,Hartshorne Drive
40.413149,-73.980233,8.89,Hartshorne Drive
40.413367,-73.980305,8.6,Hartshorne Drive
40.413579,-73.9804,8.37,Hartshorne Drive
40.414002,-73.980598,8.01,Hartshorne Drive
40.414214,-73.980698,7.64,Hartshorne Drive
40.414424,-73.9808,7.35,Hartshorne Drive
40.414635,-73.980902,7.28,Hartshorne Drive
40.414846,-73.981004,7.12,Hartshorne Drive
40.415057,-73.981106,7.19,Hartshorne Drive
40.415259,-73.981233,6.79,Hartshorne Drive
40.415339,-73.981292,6.4,Hartshorne Drive
40.402164,-73.977879,11.78,Hartshorne Drive
40.40194,-73.977856,11.71,Hartshorne Drive
40.401718,-73.977815,11.68,Hartshorne Drive
40.401498,-73.97776,11.68,Hartshorne Drive
40.401277,-73.977705,11.45,Hartshorne Drive
40.401056,-73.977651,11.42,Hartshorne Drive
40.400837,-73.977586,11.29,Hartshorne Drive
40.400626,-73.977486,11.15,Hartshorne Drive
40.400423,-73.977361,11.29,Hartshorne Drive
40.400223,-73.977226,11.29,Hartshorne Drive
40.400024,-73.97709,11.55,Hartshorne Drive
40.399824,-73.976955,11.32,Hartshorne Drive
40.399623,-73.976823,11.19,Hartshorne Drive
40.399421,-73.976696,10.33,Hartshorne Drive
40.399212,-73.976589,8.73,Hartshorne Drive
40.399138,-73.976552,8.33,Hartshorne Drive
40.415536,-73.981386,6.5,Hartshorne Drive
40.415756,-73.981448,6.1,Hartshorne Drive
40.415971,-73.981531,5.54,Hartshorne Drive
40.416182,-73.98163,5.25,Hartshorne Drive
40.416394,-73.981729,5.15,Hartshorne Drive
40.416606,-73.981827,4.95,Hartshorne Drive
40.416817,-73.981926,4.95,Hartshorne Drive
40.417029,-73.982025,5.15,Hartshorne Drive
40.41724,-73.982124,4.89,Hartshorne Drive
40.41745,-73.98223,5.22,Hartshorne Drive
40.417655,-73.98235,5.71,Hartshorne Drive
40.417858,-73.982476,6.17,Hartshorne Drive
40.418061,-73.982602,6.59,Hartshorne Drive
40.418264,-73.982728,7.05,Hartshorne Drive
40.418467,-73.982854,7.61,Hartshorne Drive
40.418676,-73.982964,7.12,Hartshorne Drive
40.418886,-73.983066,6.89,Hartshorne Drive
40.419098,-73.983162,6.66,Hartshorne Drive
40.419313,-73.983249,6.4,Hartshorne Drive
40.419531,-73.983322,6.23,Hartshorne Drive
40.419749,-73.983392,6.36,Hartshorne Drive
40.419967,-73.983462,6.4,Hartshorne Drive
40.420185,-73.983532,6.5,Hartshorne Drive
40.420403,-73.983604,6.73,Hartshorne Drive
40.420621,-73.983676,6.59,Hartshorne Drive
40.420838,-73.983748,6.43,Hartshorne Drive
40.421056,-73.98382,6.46,Hartshorne Drive
40.421274,-73.983892,6.5,Hartshorne Drive
40.421492,-73.983964,6.4,Hartshorne Drive
40.421709,-73.984036,6.43,Hartshorne Drive
40.421927,-73.984109,6.3,Hartshorne Drive
40.422145,-73.984181,6.27,Hartshorne Drive
40.422363,-73.984253,6.33,Hartshorne Drive
40.423669,-73.984685,6.5,Hartshorne Drive
40.423887,-73.984757,6.46,Hartshorne Drive
40.424105,-73.984829,6.27,Hartshorne Drive
40.424323,-73.984901,6.69,Hartshorne Drive
40.424541,-73.984973,6.46,Hartshorne Drive
40.424758,-73.985045,6.63,Hartshorne Drive
40.424976,-73.985118,6.59,Hartshorne Drive
40.425194,-73.98519,6.46,Hartshorne Drive
40.425412,-73.985262,6.79,Hartshorne Drive
40.425847,-73.985406,6.36,Hartshorne Drive
40.426065,-73.985478,6.53,Hartshorne Drive
40.42619,-73.985519,6.53,Hartshorne Drive
40.399605,-73.983124,3.94,Shrewsbury Avenue
40.399827,-73.983168,4.04,Shrewsbury Avenue
40.400049,-73.983212,4.23,Shrewsbury Avenue
40.400493,-73.983299,4.13,Shrewsbury Avenue
40.400716,-73.983342,4.07,Shrewsbury Avenue
40.400938,-73.983384,3.97,Shrewsbury Avenue
40.40116,-73.983427,3.71,Shrewsbury Avenue
40.401382,-73.983471,3.54,Shrewsbury Avenue
40.401604,-73.983515,3.74,Shrewsbury Avenue
40.401826,-73.983559,3.87,Shrewsbury Avenue
40.402048,-73.983604,3.74,Shrewsbury Avenue
40.402224,-73.983785,3.84,Shrewsbury Avenue
40.402397,-73.983974,3.58,Shrewsbury Avenue
40.402569,-73.984164,3.54,Shrewsbury Avenue
40.402706,-73.984394,3.15,Shrewsbury Avenue
40.402752,-73.984496,3.02,Shrewsbury Avenue
40.402853,-73.984766,4.17,Shrewsbury Avenue
40.402982,-73.985007,5.18,Shrewsbury Avenue
40.403007,-73.985106,5.71,Shrewsbury Avenue
40.4109,-74.010347,167.39,Hillside Road
40.410688,-74.010249,173.33,Hillside Road
40.410477,-74.01015,177.59,Hillside Road
40.410271,-74.010031,180.22,Hillside Road
40.410078,-74.009882,184.58,Hillside Road
40.409903,-74.009697,189.47,Hillside Road
40.409761,-74.00947,194.46,Hillside Road
40.409643,-74.009218,201.05,Hillside Road
40.409538,-74.008958,210.7,Hillside Road
40.409495,-74.008837,214.57,Hillside Road
40.409432,-74.00885,215.09,Hillside Road
40.407928,-74.007274,218.31,Ridge Road
40.407732,-74.007416,215.16,Ridge Road
40.407612,-74.007658,209.09,Ridge Road
40.407619,-74.007949,203.38,Ridge Road
40.407679,-74.008233,201.87,Ridge Road
40.407726,-74.008461,200.72,Ridge Road
40.397564,-73.984698,84.94,Ocean Street
40.397352,-73.984614,96.16,Ocean Street
40.397145,-73.984499,104.72,Ocean Street
40.396933,-73.984402,108.96,Ocean Street
40.396716,-73.984327,109.61,Ocean Street
40.396496,-73.984271,109.22,Ocean Street
40.396276,-73.984211,106.76,Ocean Street
40.396056,-73.984155,102.89,Ocean Street
40.395834,-73.984114,98.75,Ocean Street
40.407998,-74.002093,59.84,Bayside Drive
40.408066,-74.002374,63.91,Bayside Drive
40.408121,-74.00266,70.77,Bayside Drive
40.408173,-74.002947,78.87,Bayside Drive
40.408208,-74.003238,82.68,Bayside Drive
40.408263,-74.003524,83.66,Bayside Drive
40.408342,-74.0038,82.71,Bayside Drive
40.408439,-74.004066,79.99,Bayside Drive
40.408561,-74.004313,78.9,Bayside Drive
40.408694,-74.004549,78.97,Bayside Drive
40.408853,-74.004758,78.35,Bayside Drive
40.409011,-74.004967,75.0,Bayside Drive
40.409173,-74.005171,69.03,Bayside Drive
40.409338,-74.005371,64.14,Bayside Drive
40.409503,-74.005572,61.68,Bayside Drive
40.409662,-74.005779,59.84,Bayside Drive
40.409816,-74.005994,55.97,Bayside Drive
40.409963,-74.006217,50.49,Bayside Drive
40.410072,-74.006472,44.95,Bayside Drive
40.410136,-74.006755,42.68,Bayside Drive
40.410199,-74.007038,43.37,Bayside Drive
40.41027,-74.007318,42.98,Bayside Drive
40.410355,-74.007591,43.18,Bayside Drive
40.410453,-74.007856,43.8,Bayside Drive
40.410558,-74.008116,42.78,Bayside Drive
40.410682,-74.008362,38.06,Bayside Drive
40.410777,-74.008628,34.68,Bayside Drive
40.410843,-74.008909,37.14,Bayside Drive
40.410906,-74.009192,40.03,Bayside Drive
40.410995,-74.009463,42.49,Bayside Drive
40.411121,-74.009707,45.6,Bayside Drive
40.411251,-74.009947,50.1,Bayside Drive
40.411358,-74.010206,56.63,Bayside Drive
40.411446,-74.010477,64.01,Bayside Drive
40.411486,-74.010764,67.78,Bayside Drive
40.411475,-74.011059,69.85,Bayside Drive
40.411458,-74.011353,72.93,Bayside Drive
40.411444,-74.011647,76.25,Bayside Drive
40.411448,-74.011941,77.36,Bayside Drive
40.4115,-74.012228,77.92,Bayside Drive
40.411567,-74.012509,76.84,Bayside Drive
40.411646,-74.012786,73.75,Bayside Drive
40.41174,-74.013053,71.56,Bayside Drive
40.411845,-74.013314,70.18,Bayside Drive
40.411972,-74.013556,68.14,Bayside Drive
40.412114,-74.013785,64.96,Bayside Drive
40.412238,-74.014031,59.35,Bayside Drive
40.412326,-74.014301,55.22,Bayside Drive
40.412382,-74.014586,54.27,Bayside Drive
40.412412,-74.014879,56.79,Bayside Drive
40.412444,-74.015171,54.23,Bayside Drive
40.412473,-74.015463,47.6,Bayside Drive
40.412487,-74.015757,42.62,Bayside Drive
40.412503,-74.016051,38.75,Bayside Drive
40.412527,-74.016344,35.83,Bayside Drive
40.412551,-74.016638,37.53,Bayside Drive
40.412568,-74.016932,39.53,Bayside Drive
40.412573,-74.017226,41.7,Bayside Drive
40.412596,-74.01752,40.55,Bayside Drive
40.412624,-74.017812,39.96,Bayside Drive
40.412643,-74.018106,39.07,Bayside Drive
40.412646,-74.018401,39.83,Bayside Drive
40.412635,-74.018695,43.08,Bayside Drive
40.412534,-74.018948,52.89,Bayside Drive
40.412323,-74.019042,65.19,Bayside Drive
40.412102,-74.019092,76.54,Bayside Drive
40.412013,-74.019074,80.22,Bayside Drive
40.406166,-73.997973,8.46,Bayside Drive
40.405495,-73.996755,8.23,Bayside Drive
40.405627,-73.996994,8.79,Bayside Drive
40.405758,-73.997233,8.86,Bayside Drive
40.400138,-73.995186,164.21,Bayview Terrace
40.400123,-73.994896,169.55,Bayview Terrace
40.40028,-73.994696,175.79,Bayview Terrace
40.400462,-73.994525,181.96,Bayview Terrace
40.400613,-73.994307,186.06,Bayview Terrace
40.400715,-73.994045,191.01,Bayview Terrace
40.400767,-73.993759,196.1,Bayview Terrace
40.400794,-73.993466,200.62,Bayview Terrace
40.400796,-73.993172,207.51,Bayview Terrace
40.400788,-73.992877,208.01,Bayview Terrace
40.400749,-73.992587,208.01,Bayview Terrace
40.400682,-73.992306,200.33,Bayview Terrace
40.400546,-73.992074,194.06,Bayview Terrace
40.400426,-73.99196,188.35,Bayview Terrace
40.404689,-73.989105,5.28,Atlantic Street
40.404491,-73.989243,4.63,Atlantic Street
40.404292,-73.989381,3.97,Atlantic Street
40.404094,-73.989519,4.1,Atlantic Street
40.403895,-73.989658,4.4,Atlantic Street
40.403697,-73.989796,4.56,Atlantic Street
40.403498,-73.989934,3.87,Atlantic Street
40.403324,-73.990054,4.13,Atlantic Street
40.392881,-73.986853,212.34,Grand Tour
40.39308,-73.98699,206.86,Grand Tour
40.39328,-73.987124,199.8,Grand Tour
40.393495,-73.987203,193.41,Grand Tour
40.393718,-73.987236,187.14,Grand Tour
40.393935,-73.987311,180.28,Grand Tour
40.394133,-73.987448,173.13,Grand Tour
40.394334,-73.987579,165.42,Grand Tour
40.394536,-73.987708,158.63,Grand Tour
40.394739,-73.987836,151.44,Grand Tour
40.394941,-73.987964,144.69,Grand Tour
40.394978,-73.987987,143.64,Grand Tour
40.392707,-73.987039,211.71,Grand Tour
40.392531,-73.987223,210.93,Grand Tour
40.392357,-73.98741,206.0,Grand Tour
40.392182,-73.987594,200.62,Grand Tour
40.392001,-73.987768,196.95,Grand Tour
40.391813,-73.98793,194.32,Grand Tour
40.391615,-73.988062,190.78,Grand Tour
40.391496,-73.988042,190.58,Grand Tour
40.406337,-74.004737,183.43,Ocean Boulevard
40.406478,-74.004966,188.29,Ocean Boulevard
40.406652,-74.005151,193.73,Ocean Boulevard
40.406837,-74.005318,198.98,Ocean Boulevard
40.407023,-74.005483,204.2,Ocean Boulevard
40.407213,-74.005641,209.51,Ocean Boulevard
40.407418,-74.00576,214.34,Ocean Boulevard
40.407637,-74.005824,218.77,Ocean Boulevard
40.407861,-74.005827,222.08,Ocean Boulevard
40.40808,-74.005766,225.16,Ocean Boulevard
40.408302,-74.005742,227.49,Ocean Boulevard
40.408486,-74.005902,229.0,Ocean Boulevard
40.408615,-74.006144,229.89,Ocean Boulevard
40.408731,-74.006396,230.87,Ocean Boulevard
40.408828,-74.006661,230.15,Ocean Boulevard
40.408895,-74.006942,228.51,Ocean Boulevard
40.408946,-74.00723,226.97,Ocean Boulevard
40.409005,-74.007514,225.07,Ocean Boulevard
40.409087,-74.007789,223.36,Ocean Boulevard
40.409191,-74.00805,221.78,Ocean Boulevard
40.409289,-74.008315,219.42,Ocean Boulevard
40.409377,-74.008586,216.17,Ocean Boulevard
40.409435,-74.008871,215.55,Ocean Boulevard
40.409474,-74.009161,216.93,Ocean Boulevard
40.409525,-74.009448,218.77,Ocean Boulevard
40.409606,-74.009723,220.51,Ocean Boulevard
40.409661,-74.010008,222.47,Ocean Boulevard
40.409713,-74.010295,224.84,Ocean Boulevard
40.409845,-74.010529,225.72,Ocean Boulevard
40.410034,-74.010687,226.05,Ocean Boulevard
40.410223,-74.010846,226.57,Ocean Boulevard
40.410383,-74.011053,226.84,Ocean Boulevard
40.410531,-74.011275,226.94,Ocean Boulevard
40.410649,-74.011523,228.25,Ocean Boulevard
40.410706,-74.011808,228.84,Ocean Boulevard
40.410759,-74.012094,229.36,Ocean Boulevard
40.410813,-74.012381,230.35,Ocean Boulevard
40.410868,-74.012667,231.36,Ocean Boulevard
40.410942,-74.012945,232.09,Ocean Boulevard
40.411035,-74.013213,232.78,Ocean Boulevard
40.41113,-74.01348,232.15,Ocean Boulevard
40.411225,-74.013748,229.72,Ocean Boulevard
40.411278,-74.014032,227.26,Ocean Boulevard
40.4112,-74.014303,225.75,Ocean Boulevard
40.411058,-74.014531,224.08,Ocean Boulevard
40.41091,-74.014752,221.82,Ocean Boulevard
40.410762,-74.014974,219.0,Ocean Boulevard
40.410619,-74.015201,215.62,Ocean Boulevard
40.410482,-74.015435,212.37,Ocean Boulevard
40.410345,-74.015669,209.35,Ocean Boulevard
40.410203,-74.015897,206.66,Ocean Boulevard
40.410056,-74.016121,203.81,Ocean Boulevard
40.409909,-74.016344,200.72,Ocean Boulevard
40.409762,-74.016567,197.21,Ocean Boulevard
40.409695,-74.016844,194.16,Ocean Boulevard
40.409636,-74.017129,192.19,Ocean Boulevard
40.409585,-74.017416,191.4,Ocean Boulevard
40.409547,-74.017706,192.26,Ocean Boulevard
40.409554,-74.018,193.96,Ocean Boulevard
40.4096,-74.018288,195.41,Ocean Boulevard
40.409658,-74.018573,196.95,Ocean Boulevard
40.409714,-74.018859,198.75,Ocean Boulevard
40.409748,-74.01915,200.62,Ocean Boulevard
40.409775,-74.019443,202.23,Ocean Boulevard
40.409805,-74.019735,203.84,Ocean Boulevard
40.409824,-74.020029,205.31,Ocean Boulevard
40.409833,-74.020324,207.28,Ocean Boulevard
40.409804,-74.020616,209.06,Ocean Boulevard
40.409758,-74.020904,210.6,Ocean Boulevard
40.409743,-74.021198,211.71,Ocean Boulevard
40.409908,-74.021371,211.35,Ocean Boulevard
40.410097,-74.021529,211.29,Ocean Boulevard
40.410291,-74.021678,210.43,Ocean Boulevard
40.41049,-74.021815,207.81,Ocean Boulevard
40.410693,-74.02194,204.89,Ocean Boulevard
40.410901,-74.022052,201.21,Ocean Boulevard
40.411117,-74.022132,197.51,Ocean Boulevard
40.41134,-74.022151,193.5,Ocean Boulevard
40.411562,-74.022114,189.17,Ocean Boulevard
40.41177,-74.022006,184.88,Ocean Boulevard
40.411959,-74.021848,180.91,Ocean Boulevard
40.412142,-74.021677,176.74,Ocean Boulevard
40.412352,-74.021614,173.0,Ocean Boulevard
40.412547,-74.021735,169.72,Ocean Boulevard
40.412653,-74.021993,166.54,Ocean Boulevard
40.412719,-74.022274,161.78,Ocean Boulevard
40.412752,-74.022565,157.38,Ocean Boulevard
40.412739,-74.022859,151.18,Ocean Boulevard
40.412675,-74.02314,146.06,Ocean Boulevard
40.41254,-74.023373,141.01,Ocean Boulevard
40.412371,-74.023568,136.06,Ocean Boulevard
40.412205,-74.023767,131.56,Ocean Boulevard
40.412136,-74.024045,128.15,Ocean Boulevard
40.412108,-74.024337,124.25,Ocean Boulevard
40.412144,-74.024623,121.1,Ocean Boulevard
40.41226,-74.024873,120.73,Ocean Boulevard
40.412284,-74.025165,120.93,Ocean Boulevard
40.412388,-74.025404,122.38,Ocean Boulevard
40.412608,-74.025456,123.98,Ocean Boulevard
40.412796,-74.025599,125.43,Ocean Boulevard
40.412957,-74.025806,126.84,Ocean Boulevard
40.413111,-74.026019,129.04,Ocean Boulevard
40.413191,-74.026293,132.64,Ocean Boulevard
40.413243,-74.02658,135.96,Ocean Boulevard
40.413295,-74.026867,139.57,Ocean Boulevard
40.413326,-74.027159,134.68,Ocean Boulevard
40.413344,-74.027453,128.22,Ocean Boulevard
40.413361,-74.027747,122.01,Ocean Boulevard
40.413379,-74.028041,115.65,Ocean Boulevard
40.413399,-74.028335,109.58,Ocean Boulevard
40.413426,-74.028627,102.85,Ocean Boulevard
40.413465,-74.028918,97.05,Ocean Boulevard
40.413517,-74.029205,92.82,Ocean Boulevard
40.413588,-74.029484,90.45,Ocean Boulevard
40.41365,-74.029767,89.57,Ocean Boulevard
40.413662,-74.030061,88.98,Ocean Boulevard
40.413608,-74.030346,87.6,Ocean Boulevard
40.413502,-74.030605,84.09,Ocean Boulevard
40.413374,-74.030847,80.02,Ocean Boulevard
40.413293,-74.031121,75.98,Ocean Boulevard
40.413284,-74.031414,72.31,Ocean Boulevard
40.413338,-74.031699,68.18,Ocean Boulevard
40.413446,-74.031958,63.98,Ocean Boulevard
40.413589,-74.032185,60.04,Ocean Boulevard
40.413766,-74.032364,56.92,Ocean Boulevard
40.413947,-74.032539,54.23,Ocean Boulevard
40.414109,-74.032743,51.15,Ocean Boulevard
40.414249,-74.032973,49.02,Ocean Boulevard
40.414356,-74.033231,48.33,Ocean Boulevard
40.414436,-74.033507,46.62,Ocean Boulevard
40.414509,-74.033786,45.64,Ocean Boulevard
40.414581,-74.034065,44.46,Ocean Boulevard
40.414654,-74.034344,42.78,Ocean Boulevard
40.414726,-74.034624,41.73,Ocean Boulevard
40.4148,-74.034902,39.86,Ocean Boulevard
40.414874,-74.035181,38.22,Ocean Boulevard
40.414948,-74.035459,36.68,Ocean Boulevard
40.415021,-74.035738,33.92,Ocean Boulevard
40.415094,-74.036017,30.61,Ocean Boulevard
40.415166,-74.036296,25.26,Ocean Boulevard
40.415241,-74.036575,20.41,Ocean Boulevard
40.415317,-74.036852,15.52,Ocean Boulevard
40.415392,-74.03713,10.2,Ocean Boulevard
40.415416,-74.037219,10.56,Ocean Boulevard
40.406175,-73.996444,6.0,Gravelly Point Road
40.406372,-73.996304,5.87,Gravelly Point Road
40.406568,-73.99616,5.87,Gravelly Point Road
40.406764,-73.996016,5.77,Gravelly Point Road
40.40696,-73.995872,5.35,Gravelly Point Road
40.407157,-73.99573,5.51,Gravelly Point Road
40.407355,-73.995591,5.54,Gravelly Point Road
40.407553,-73.995453,5.15,Gravelly Point Road
40.407752,-73.995314,5.25,Gravelly Point Road
40.40795,-73.995176,5.61,Gravelly Point Road
40.408017,-73.995074,6.14,Gravelly Point Road
40.40826,-74.005905,227.76,Beverout Place
40.408049,-74.006006,226.9,Beverout Place
40.40784,-74.006113,226.41,Beverout Place
40.407631,-74.006223,225.62,Beverout Place
40.407522,-74.00628,225.23,Beverout Place
40.400077,-73.984164,4.76,Center Street
40.400265,-73.984139,4.36,Center Street
40.400485,-73.984187,4.07,Center Street
40.400708,-73.984229,3.81,Center Street
40.40093,-73.984266,3.9,Center Street
40.401374,-73.984354,3.67,Center Street
40.401596,-73.984399,3.97,Center Street
40.401803,-73.984488,4.2,Center Street
40.401954,-73.984705,4.4,Center Street
40.401995,-73.984766,4.49,Center Street
40.401707,-73.988416,4.1,2nd Street
40.401569,-73.988184,4.86,2nd Street
40.401441,-73.987942,4.86,2nd Street
40.401312,-73.9877,5.35,2nd Street
40.401255,-73.987592,5.35,2nd Street
40.40596,-73.991916,3.67,Bedle Place
40.405944,-73.991876,3.61,Bedle Place
40.399853,-73.994011,222.08,West Twin Road
40.400058,-73.99389,225.1,West Twin Road
40.400256,-73.993755,225.82,West Twin Road
40.400431,-73.99357,221.69,West Twin Road
40.400589,-73.993361,215.98,West Twin Road
40.400744,-73.993149,209.15,West Twin Road
40.400794,-73.993087,208.1,West Twin Road
40.402848,-74.002883,179.07,Mohawk Avenue
40.402803,-74.002598,171.39,Mohawk Avenue
40.402778,-74.002305,167.22,Mohawk Avenue
40.402753,-74.002012,163.52,Mohawk Avenue
40.402726,-74.001719,159.15,Mohawk Avenue
40.402695,-74.001427,156.0,Mohawk Avenue
40.402666,-74.001135,153.18,Mohawk Avenue
40.399322,-73.991262,77.89,Bayview Street
40.399159,-73.99106,81.99,Bayview Street
40.399016,-73.990833,84.84,Bayview Street
40.398876,-73.990603,86.84,Bayview Street
40.398996,-73.990395,88.75,Bayview Street
40.399095,-73.990318,88.65,Bayview Street
40.39983,-73.996584,209.78,Serpentine Drive
40.399888,-73.996869,217.95,Serpentine Drive
40.399887,-73.997162,228.28,Serpentine Drive
40.399839,-73.99745,234.25,Serpentine Drive
40.399809,-73.997741,235.27,Serpentine Drive
40.399828,-73.998035,231.99,Serpentine Drive
40.39985,-73.998328,229.33,Serpentine Drive
40.399893,-73.998618,230.61,Serpentine Drive
40.399959,-73.998899,235.17,Serpentine Drive
40.400059,-73.999163,240.58,Serpentine Drive
40.400179,-73.999412,241.37,Serpentine Drive
40.400351,-73.999598,236.65,Serpentine Drive
40.400559,-73.999695,228.25,Serpentine Drive
40.400782,-73.999673,219.29,Serpentine Drive
40.401004,-73.99964,210.86,Serpentine Drive
40.401216,-73.999726,202.26,Serpentine Drive
40.401405,-73.999885,193.01,Serpentine Drive
40.401616,-73.999982,183.92,Serpentine Drive
40.401838,-73.99995,174.08,Serpentine Drive
40.402053,-73.999867,165.75,Serpentine Drive
40.402275,-73.999844,157.12,Serpentine Drive
40.402493,-73.999908,148.75,Serpentine Drive
40.402696,-74.000033,140.12,Serpentine Drive
40.402902,-74.000151,132.02,Serpentine Drive
40.403125,-74.00018,125.66,Serpentine Drive
40.403345,-74.000134,118.93,Serpentine Drive
40.403522,-74.000151,113.78,Serpentine Drive
40.399727,-73.99647,208.89,Serpentine Drive
40.40362,-73.990701,4.46,Marina Drive
40.403422,-73.990841,6.14,Marina Drive
40.403225,-73.990981,6.89,Marina Drive
40.403027,-73.991121,7.55,Marina Drive
40.402829,-73.99126,8.43,Marina Drive
40.365446,-73.974114,6.76,Ocean Avenue
40.365671,-73.974113,8.3,Ocean Avenue
40.365895,-73.974112,8.3,Ocean Avenue
40.36612,-73.974111,6.63,Ocean Avenue
40.366345,-73.974109,5.61,Ocean Avenue
40.366569,-73.974108,5.94,Ocean Avenue
40.366794,-73.974107,5.94,Ocean Avenue
40.367018,-73.974107,5.61,Ocean Avenue
40.367243,-73.97411,5.51,Ocean Avenue
40.367467,-73.974114,5.35,Ocean Avenue
40.367692,-73.974117,5.22,Ocean Avenue
40.367916,-73.974121,5.31,Ocean Avenue
40.368141,-73.974125,5.51,Ocean Avenue
40.368366,-73.974129,5.81,Ocean Avenue
40.36859,-73.974132,6.07,Ocean Avenue
40.368815,-73.974135,5.74,Ocean Avenue
40.369039,-73.974138,5.54,Ocean Avenue
40.369264,-73.974142,5.41,Ocean Avenue
40.369488,-73.974145,5.41,Ocean Avenue
40.369713,-73.974148,5.02,Ocean Avenue
40.369938,-73.974152,4.89,Ocean Avenue
40.370162,-73.974155,4.49,Ocean Avenue
40.370387,-73.974159,4.66,Ocean Avenue
40.370611,-73.974162,4.49,Ocean Avenue
40.370836,-73.974165,4.72,Ocean Avenue
40.37106,-73.974169,5.28,Ocean Avenue
40.371285,-73.974171,5.22,Ocean Avenue
40.371509,-73.974173,5.18,Ocean Avenue
40.371734,-73.974175,5.05,Ocean Avenue
40.371959,-73.97418,4.76,Ocean Avenue
40.372183,-73.974184,4.59,Ocean Avenue
40.372408,-73.974189,4.3,Ocean Avenue
40.372632,-73.974192,4.2,Ocean Avenue
40.372857,-73.974195,4.49,Ocean Avenue
40.373081,-73.974197,4.79,Ocean Avenue
40.373306,-73.9742,5.12,Ocean Avenue
40.373531,-73.974203,5.58,Ocean Avenue
40.373755,-73.974205,5.77,Ocean Avenue
40.37398,-73.974208,6.07,Ocean Avenue
40.374204,-73.974211,6.36,Ocean Avenue
40.374429,-73.974218,6.59,Ocean Avenue
40.374653,-73.974228,6.99,Ocean Avenue
40.374877,-73.974243,7.12,Ocean Avenue
40.375102,-73.974257,6.79,Ocean Avenue
40.375326,-73.974272,6.73,Ocean Avenue
40.37555,-73.974287,6.46,Ocean Avenue
40.375775,-73.974301,6.14,Ocean Avenue
40.375999,-73.974316,6.04,Ocean Avenue
40.376223,-73.974331,5.84,Ocean Avenue
40.376448,-73.974345,5.64,Ocean Avenue
40.376672,-73.97436,5.54,Ocean Avenue
40.376896,-73.974375,5.09,Ocean Avenue
40.37712,-73.97439,4.92,Ocean Avenue
40.377345,-73.974404,4.76,Ocean Avenue
40.377569,-73.974419,4.53,Ocean Avenue
40.377793,-73.974434,4.13,Ocean Avenue
40.378018,-73.974449,4.0,Ocean Avenue
40.378242,-73.974465,4.59,Ocean Avenue
40.378466,-73.974478,4.72,Ocean Avenue
40.378691,-73.974493,4.99,Ocean Avenue
40.378915,-73.974507,5.35,Ocean Avenue
40.379139,-73.97452,5.48,Ocean Avenue
40.379364,-73.974533,5.68,Ocean Avenue
40.379588,-73.974547,5.84,Ocean Avenue
40.379812,-73.97456,5.97,Ocean Avenue
40.380037,-73.974575,6.3,Ocean Avenue
40.380261,-73.97459,6.27,Ocean Avenue
40.380485,-73.974604,6.53,Ocean Avenue
40.380709,-73.974619,6.69,Ocean Avenue
40.380934,-73.974635,6.82,Ocean Avenue
40.381158,-73.974648,6.89,Ocean Avenue
40.381382,-73.974661,7.38,Ocean Avenue
40.381607,-73.974675,7.48,Ocean Avenue
40.381831,-73.974688,7.78,Ocean Avenue
40.382055,-73.974701,8.01,Ocean Avenue
40.38228,-73.974714,8.27,Ocean Avenue
40.382504,-73.974727,8.4,Ocean Avenue
40.382729,-73.974739,8.5,Ocean Avenue
40.382953,-73.97475,7.84,Ocean Avenue
40.383177,-73.974761,7.41,Ocean Avenue
40.383402,-73.974772,7.12,Ocean Avenue
40.383626,-73.974784,6.76,Ocean Avenue
40.383851,-73.974795,6.43,Ocean Avenue
40.384075,-73.974806,6.2,Ocean Avenue
40.384299,-73.974817,5.94,Ocean Avenue
40.384524,-73.974829,5.71,Ocean Avenue
40.384748,-73.97484,5.61,Ocean Avenue
40.384973,-73.974851,5.54,Ocean Avenue
40.385197,-73.974862,5.28,Ocean Avenue
40.385422,-73.974873,5.09,Ocean Avenue
40.385646,-73.974886,4.82,Ocean Avenue
40.38587,-73.974901,4.59,Ocean Avenue
40.386095,-73.974915,4.49,Ocean Avenue
40.386319,-73.97493,4.33,Ocean Avenue
40.386543,-73.974945,4.4,Ocean Avenue
40.386767,-73.974968,4.69,Ocean Avenue
40.386991,-73.97499,4.95,Ocean Avenue
40.387215,-73.975013,5.05,Ocean Avenue
40.387438,-73.97504,5.38,Ocean Avenue
40.387662,-73.975067,5.48,Ocean Avenue
40.387886,-73.975095,5.68,Ocean Avenue
40.388109,-73.975122,5.97,Ocean Avenue
40.388333,-73.975149,6.2,Ocean Avenue
40.388557,-73.975177,6.56,Ocean Avenue
40.38878,-73.975204,6.82,Ocean Avenue
40.389004,-73.975231,6.89,Ocean Avenue
40.389227,-73.975258,6.73,Ocean Avenue
40.389451,-73.975285,6.4,Ocean Avenue
40.389675,-73.975312,6.17,Ocean Avenue
40.389898,-73.975339,6.33,Ocean Avenue
40.390122,-73.975366,6.43,Ocean Avenue
40.390346,-73.975393,6.33,Ocean Avenue
40.390569,-73.97542,6.14,Ocean Avenue
40.390793,-73.975449,5.81,Ocean Avenue
40.391016,-73.975477,5.91,Ocean Avenue
40.39124,-73.975505,5.64,Ocean Avenue
40.391463,-73.975534,5.51,Ocean Avenue
40.391687,-73.975562,5.54,Ocean Avenue
40.391911,-73.975589,5.74,Ocean Avenue
40.392134,-73.975616,6.23,Ocean Avenue
40.392358,-73.975644,6.53,Ocean Avenue
40.392581,-73.975671,6.86,Ocean Avenue
40.392805,-73.975702,7.19,Ocean Avenue
40.393028,-73.975736,6.96,Ocean Avenue
40.393251,-73.975762,6.79,Ocean Avenue
40.393475,-73.975789,6.4,Ocean Avenue
40.407581,-73.994688,5.12,Ocean Avenue
40.407385,-73.994831,5.45,Ocean Avenue
40.407187,-73.994971,5.77,Ocean Avenue
40.406989,-73.995111,5.68,Ocean Avenue
40.406792,-73.995251,5.51,Ocean Avenue
40.406594,-73.995391,5.35,Ocean Avenue
40.406396,-73.995531,5.61,Ocean Avenue
40.406198,-73.995671,5.68,Ocean Avenue
40.406001,-73.995811,5.48,Ocean Avenue
40.405803,-73.995951,4.89,Ocean Avenue
40.403343,-74.010081,83.96,Pape Drive
40.403552,-74.010188,82.94,Pape Drive
40.40377,-74.010257,83.27,Pape Drive
40.403994,-74.010241,84.91,Pape Drive
40.404218,-74.010216,87.07,Pape Drive
40.404441,-74.010186,89.27,Pape Drive
40.404664,-74.010203,90.12,Pape Drive
40.404868,-74.010322,89.24,Pape Drive
40.405015,-74.01054,89.17,Pape Drive
40.40513,-74.010792,89.6,Pape Drive
40.405211,-74.011065,89.9,Pape Drive
40.405172,-74.011352,90.65,Pape Drive
40.405029,-74.011571,90.32,Pape Drive
40.40482,-74.011672,89.34,Pape Drive
40.4046,-74.011731,88.75,Pape Drive
40.404387,-74.011822,87.6,Pape Drive
40.404202,-74.011987,85.83,Pape Drive
40.40402,-74.012161,83.43,Pape Drive
40.40383,-74.012314,81.07,Pape Drive
40.403608,-74.012347,78.74,Pape Drive
40.403391,-74.012282,76.9,Pape Drive
40.403214,-74.012104,76.28,Pape Drive
40.403103,-74.011851,76.05,Pape Drive
40.40303,-74.011572,77.1,Pape Drive
40.402899,-74.011337,78.81,Pape Drive
40.402717,-74.011194,79.66,Pape Drive
40.403539,-74.004509,201.57,Oneida Avenue
40.403612,-74.004231,207.61,Oneida Avenue
40.403606,-74.003937,205.71,Oneida Avenue
40.403581,-74.003644,201.12,Oneida Avenue
40.403555,-74.003351,195.47,Oneida Avenue
40.403529,-74.003058,187.66,Oneida Avenue
40.403504,-74.002765,179.2,Oneida Avenue
40.403481,-74.002471,171.39,Oneida Avenue
40.403458,-74.002178,164.17,Oneida Avenue
40.403435,-74.001885,157.41,Oneida Avenue
40.403412,-74.001591,150.23,Oneida Avenue
40.40339,-74.001298,143.04,Oneida Avenue
40.405162,-73.995419,6.4,Central Avenue
40.40536,-73.995279,4.3,Central Avenue
40.405479,-73.995195,4.36,Central Avenue
40.398243,-73.992187,136.38,Osborne Street
40.398446,-73.992217,120.96,Osborne Street
40.398634,-73.992379,108.86,Osborne Street
40.398687,-73.992419,108.53,Osborne Street
40.404823,-73.990644,4.79,Cheerful Place
40.40493,-73.990903,4.4,Cheerful Place
40.405036,-73.991163,3.71,Cheerful Place
40.405145,-73.991421,3.87,Cheerful Place
40.405254,-73.991679,3.71,Cheerful Place
40.405359,-73.991939,3.81,Cheerful Place
40.405462,-73.992202,3.58,Cheerful Place
40.405569,-73.992461,3.77,Cheerful Place
40.405678,-73.992719,4.23,Cheerful Place
40.405787,-73.992977,4.49,Cheerful Place
40.405895,-73.993235,4.53,Cheerful Place
40.406002,-73.993494,4.36,Cheerful Place
40.406109,-73.993754,4.0,Cheerful Place
40.399622,-73.998268,236.58,Windlass Path
40.399432,-73.998152,242.29,Windlass Path
40.39936,-73.997873,245.21,Windlass Path
40.399281,-73.997597,244.39,Windlass Path
40.399196,-73.997324,248.06,Windlass Path
40.399136,-73.997092,256.46,Windlass Path
40.406912,-73.993802,5.28,Beach Boulevard
40.407027,-73.994056,5.12,Beach Boulevard
40.407199,-73.994241,5.12,Beach Boulevard
40.40738,-73.994415,5.35,Beach Boulevard
40.407544,-73.994614,5.12,Beach Boulevard
40.407659,-73.994867,5.12,Beach Boulevard
40.407712,-73.994991,5.18,Beach Boulevard
40.400575,-73.99642,177.66,Park Way
40.400363,-73.996333,184.94,Park Way
40.400148,-73.996399,193.24,Park Way
40.399953,-73.996545,203.45,Park Way
40.399523,-73.996515,216.17,Park Way
40.399311,-73.996429,222.34,Park Way
40.399175,-73.996199,226.25,Park Way
40.399093,-73.995925,232.58,Park Way
40.39902,-73.995647,239.76,Park Way
40.398934,-73.995375,245.77,Park Way
40.398858,-73.995098,237.73,Park Way
40.39878,-73.994822,226.08,Park Way
40.398738,-73.994533,215.52,Park Way
40.398831,-73.994275,209.74,Park Way
40.398996,-73.994077,209.42,Park Way
40.399132,-73.993974,213.48,Park Way
40.391288,-74.006014,46.03,Tan Vat Road
40.391512,-74.006038,47.47,Tan Vat Road
40.391735,-74.006067,48.88,Tan Vat Road
40.391959,-74.006096,50.49,Tan Vat Road
40.392182,-74.006125,52.2,Tan Vat Road
40.392406,-74.006153,54.63,Tan Vat Road
40.392629,-74.006182,57.15,Tan Vat Road
40.392853,-74.006208,60.11,Tan Vat Road
40.393077,-74.006232,62.3,Tan Vat Road
40.3933,-74.006257,63.85,Tan Vat Road
40.393524,-74.006291,64.76,Tan Vat Road
40.393747,-74.006321,65.68,Tan Vat Road
40.393971,-74.006349,66.93,Tan Vat Road
40.394194,-74.006378,69.16,Tan Vat Road
40.394418,-74.006406,72.18,Tan Vat Road
40.394641,-74.006432,74.54,Tan Vat Road
40.394865,-74.006456,77.26,Tan Vat Road
40.395089,-74.006477,82.68,Tan Vat Road
40.395313,-74.006493,91.04,Tan Vat Road
40.395537,-74.006513,100.79,Tan Vat Road
40.395628,-74.006521,103.35,Tan Vat Road
40.406684,-74.000084,17.09,Mathews Street
40.406902,-74.000012,9.22,Mathews Street
40.40712,-73.99994,7.32,Mathews Street
40.407337,-73.999868,6.36,Mathews Street
40.407555,-73.999795,5.97,Mathews Street
40.397018,-73.98705,123.49,Twinlight Terrace
40.397217,-73.98707,123.23,Twinlight Terrace
40.406735,-73.990054,4.66,Barberie Avenue
40.406537,-73.990193,4.46,Barberie Avenue
40.406338,-73.990331,4.3,Barberie Avenue
40.40614,-73.990469,4.2,Barberie Avenue
40.405942,-73.990608,3.74,Barberie Avenue
40.405744,-73.990749,4.13,Barberie Avenue
40.405547,-73.990889,4.27,Barberie Avenue
40.405349,-73.991029,4.07,Barberie Avenue
40.405151,-73.991168,4.04,Barberie Avenue
40.404954,-73.991308,3.87,Barberie Avenue
40.404756,-73.991447,4.1,Barberie Avenue
40.404558,-73.991587,4.1,Barberie Avenue
40.40436,-73.991727,4.66,Barberie Avenue
40.404162,-73.991867,4.82,Barberie Avenue
40.403965,-73.992008,5.54,Barberie Avenue
40.403769,-73.992151,5.41,Barberie Avenue
40.403573,-73.992295,4.92,Barberie Avenue
40.403521,-73.992333,4.59,Barberie Avenue
40.398586,-73.989454,108.79,Bay Street
40.398465,-73.989205,110.66,Bay Street
40.398341,-73.98896,111.84,Bay Street
40.398189,-73.988746,113.85,Bay Street
40.397997,-73.988593,117.49,Bay Street
40.397796,-73.988462,119.95,Bay Street
40.397586,-73.988357,121.39,Bay Street
40.397378,-73.988246,120.34,Bay Street
40.39716,-73.988178,119.88,Bay Street
40.396939,-73.988211,119.91,Bay Street
40.396727,-73.988308,119.65,Bay Street
40.396572,-73.988161,111.22,Bay Street
40.402417,-73.984371,4.17,Cornwell Street
40.402234,-73.984542,4.36,Cornwell Street
40.402051,-73.984713,4.33,Cornwell Street
40.40187,-73.984887,4.56,Cornwell Street
40.401687,-73.985059,4.23,Cornwell Street
40.401503,-73.985228,3.87,Cornwell Street
40.401321,-73.9854,3.51,Cornwell Street
40.401139,-73.985573,3.84,Cornwell Street
40.400957,-73.985746,3.25,Cornwell Street
40.400891,-73.985809,3.74,Cornwell Street
40.402878,-73.983615,4.82,Cornwell Street
40.402725,-73.983831,4.07,Cornwell Street
40.402572,-73.984048,3.22,Cornwell Street
40.402526,-73.984115,3.38,Cornwell Street
40.407112,-74.008442,173.88,Fennimore Terrace
40.407206,-74.008708,175.85,Fennimore Terrace
40.407366,-74.008913,178.18,Fennimore Terrace
40.407573,-74.009015,184.25,Fennimore Terrace
40.407756,-74.008874,192.49,Fennimore Terrace
40.407754,-74.008591,199.25,Fennimore Terrace
40.402293,-73.997745,135.07,Fennimore Terrace
40.402403,-73.998002,137.7,Fennimore Terrace
40.402491,-73.998273,139.67,Fennimore Terrace
40.402569,-73.99855,141.77,Fennimore Terrace
40.402626,-73.998834,142.45,Fennimore Terrace
40.402669,-73.999124,142.26,Fennimore Terrace
40.402705,-73.999415,142.22,Fennimore Terrace
40.402734,-73.999707,142.36,Fennimore Terrace
40.402731,-74.000055,138.62,Fennimore Terrace
40.395563,-73.983474,70.37,Shrewsbury Terrace
40.395339,-73.983482,71.52,Shrewsbury Terrace
40.395114,-73.983482,73.82,Shrewsbury Terrace
40.39489,-73.983473,75.72,Shrewsbury Terrace
40.394762,-73.983468,77.33,Shrewsbury Terrace
40.400342,-73.98971,68.14,Valley Avenue
40.400163,-73.989889,66.17,Valley Avenue
40.399986,-73.99007,66.24,Valley Avenue
40.399811,-73.990256,67.62,Valley Avenue
40.399648,-73.990455,68.86,Valley Avenue
40.399521,-73.990698,70.14,Valley Avenue
40.39939,-73.990938,72.87,Valley Avenue
40.399329,-73.99122,77.17,Valley Avenue
40.399267,-73.991502,82.15,Valley Avenue
40.399119,-73.991718,87.47,Valley Avenue
40.398926,-73.991866,92.95,Valley Avenue
40.398809,-73.992117,100.36,Valley Avenue
40.400801,-73.989242,54.04,Valley Avenue
40.400622,-73.98942,61.02,Valley Avenue
40.400443,-73.989598,68.14,Valley Avenue
40.407138,-73.990551,5.05,Washington Avenue
40.406945,-73.9907,4.33,Washington Avenue
40.406747,-73.990839,4.26,Washington Avenue
40.406549,-73.990978,4.13,Washington Avenue
40.40635,-73.991117,3.9,Washington Avenue
40.406152,-73.991256,3.84,Washington Avenue
40.405955,-73.991396,3.81,Washington Avenue
40.405757,-73.991536,4.27,Washington Avenue
40.405559,-73.991675,3.84,Washington Avenue
40.405363,-73.99182,3.77,Washington Avenue
40.40517,-73.991969,3.48,Washington Avenue
40.404972,-73.99211,3.48,Washington Avenue
40.404775,-73.992251,3.81,Washington Avenue
40.404578,-73.992391,4.1,Washington Avenue
40.404379,-73.992529,5.58,Washington Avenue
40.404182,-73.99267,5.68,Washington Avenue
40.403983,-73.992808,6.1,Washington Avenue
40.403785,-73.992945,8.5,Washington Avenue
40.403758,-73.992964,8.76,Washington Avenue
40.390641,-74.001343,10.53,Grand Tour Road
40.390758,-74.001101,16.21,Grand Tour Road
40.390933,-74.000918,18.34,Grand Tour Road
40.39112,-74.000754,19.75,Grand Tour Road
40.391311,-74.000599,20.96,Grand Tour Road
40.391469,-74.000393,24.74,Grand Tour Road
40.391609,-74.000163,26.31,Grand Tour Road
40.39178,-73.999973,28.44,Grand Tour Road
40.391963,-73.999802,30.35,Grand Tour Road
40.392136,-73.999615,32.02,Grand Tour Road
40.392267,-73.999375,34.19,Grand Tour Road
40.392409,-73.999149,36.29,Grand Tour Road
40.392585,-73.998965,39.04,Grand Tour Road
40.392766,-73.998791,42.26,Grand Tour Road
40.392932,-73.998595,45.83,Grand Tour Road
40.393042,-73.998339,50.1,Grand Tour Road
40.393105,-73.998057,54.04,Grand Tour Road
40.393102,-73.997765,59.02,Grand Tour Road
40.393002,-73.997507,64.63,Grand Tour Road
40.392819,-73.997343,71.1,Grand Tour Road
40.392601,-73.997275,77.3,Grand Tour Road
40.392377,-73.997247,82.87,Grand Tour Road
40.392157,-73.997191,89.37,Grand Tour Road
40.391964,-73.997088,93.04,Grand Tour Road
40.399096,-73.988777,74.61,Miller Street
40.399283,-73.988612,68.31,Miller Street
40.399469,-73.988448,62.96,Miller Street
40.399655,-73.988282,58.04,Miller Street
40.399694,-73.988247,58.3,Miller Street
40.397588,-73.985658,119.19,Twin Light Avenue
40.397677,-73.985929,121.46,Twin Light Avenue
40.397692,-73.986222,121.72,Twin Light Avenue
40.397652,-73.986512,120.11,Twin Light Avenue
40.397627,-73.986641,119.98,Twin Light Avenue
40.404173,-73.998824,83.07,Ralph Street
40.404396,-73.998793,87.07,Ralph Street
40.40462,-73.998768,92.45,Ralph Street
40.404844,-73.998744,98.36,Ralph Street
40.405068,-73.99872,104.82,Ralph Street
40.405291,-73.998696,110.83,Ralph Street
40.405515,-73.998671,113.98,Ralph Street
40.405588,-73.998663,114.8,Ralph Street
40.399618,-73.996213,206.76,Witches Lane
40.399529,-73.995944,206.63,Witches Lane
40.399591,-73.995671,206.17,Witches Lane
40.39976,-73.995477,203.08,Witches Lane
40.399802,-73.995197,200.43,Witches Lane
40.399755,-73.994909,202.62,Witches Lane
40.399745,-73.994615,209.22,Witches Lane
40.399766,-73.994322,216.73,Witches Lane
40.399839,-73.994045,221.65,Witches Lane
40.399785,-73.99373,225.07,East Twin Road
40.399756,-73.99344,224.05,East Twin Road
40.399838,-73.993181,220.34,East Twin Road
40.400047,-73.993079,218.73,East Twin Road
40.400257,-73.992975,219.82,East Twin Road
40.400421,-73.992775,217.32,East Twin Road
40.400607,-73.992618,212.34,East Twin Road
40.403885,-74.008775,105.94,Avenue B
40.403693,-74.008918,97.6,Avenue B
40.396328,-73.987613,119.95,Chestnut Street
40.396103,-73.987617,125.1,Chestnut Street
40.395879,-73.987612,132.38,Chestnut Street
40.395654,-73.987609,138.29,Chestnut Street
40.39543,-73.98761,141.08,Chestnut Street
40.395205,-73.987612,142.45,Chestnut Street
40.395027,-73.987721,143.34,Chestnut Street
40.404099,-73.997997,73.16,William Street
40.404321,-73.997954,81.2,William Street
40.404545,-73.997929,90.16,William Street
40.404769,-73.997908,97.64,William Street
40.404974,-73.998006,103.28,William Street
40.405066,-73.998266,105.74,William Street
40.404016,-73.996968,61.65,Linden Avenue
40.404236,-73.997021,69.06,Linden Avenue
40.404459,-73.997033,78.67,Linden Avenue
40.404604,-73.997017,83.1,Linden Avenue
40.399458,-73.99436,221.59,Sea View Terrace
40.399266,-73.994213,218.41,Sea View Terrace
40.399174,-73.993688,209.94,Sea View Terrace
40.399284,-73.993432,205.22,Sea View Terrace
40.399408,-73.993186,201.08,Sea View Terrace
40.39954,-73.992947,197.24,Sea View Terrace
40.399688,-73.992726,192.52,Sea View Terrace
40.399864,-73.992543,188.32,Sea View Terrace
40.400018,-73.992332,183.2,Sea View Terrace
40.400134,-73.99208,179.95,Sea View Terrace
40.400307,-73.991925,182.05,Sea View Terrace
40.397515,-73.986893,120.51,Hillside Avenue
40.397323,-73.98704,122.6,Hillside Avenue
40.395568,-73.983773,82.51,Hillside Avenue
40.395599,-73.983193,60.66,Hillside Avenue
40.395584,-73.9829,52.49,Hillside Avenue
40.395565,-73.982827,52.07,Hillside Avenue
40.395531,-73.982539,47.67,Hillside Avenue
40.39552,-73.982245,42.03,Hillside Avenue
40.395509,-73.98195,33.43,Hillside Avenue
40.395497,-73.981656,23.13,Hillside Avenue
40.395485,-73.981361,11.32,Hillside Avenue
40.395479,-73.981226,8.86,Hillside Avenue
40.407146,-74.000799,22.83,King Street
40.40735,-74.000683,10.63,King Street
40.407568,-74.000614,7.71,King Street
40.407787,-74.000547,7.09,King Street
40.408001,-74.000455,7.09,King Street
40.407628,-74.00654,221.19,East Highland Avenue
40.407734,-74.0068,218.47,East Highland Avenue
40.407841,-74.00706,218.08,East Highland Avenue
40.408057,-74.007576,221.72,East Highland Avenue
40.408161,-74.007838,224.34,East Highland Avenue
40.408236,-74.008115,226.48,East Highland Avenue
40.408296,-74.008399,227.46,East Highland Avenue
40.408358,-74.008683,227.3,East Highland Avenue
40.40842,-74.008966,225.75,East Highland Avenue
40.408492,-74.009245,223.98,East Highland Avenue
40.408611,-74.009495,222.11,East Highland Avenue
40.408736,-74.00974,220.7,East Highland Avenue
40.408862,-74.009985,220.18,East Highland Avenue
40.408987,-74.010229,220.67,East Highland Avenue
40.409113,-74.010474,222.38,East Highland Avenue
40.409238,-74.010719,223.85,East Highland Avenue
40.40933,-74.010905,225.03,East Highland Avenue
40.404581,-73.990025,7.81,Kielgart Avenue
40.404779,-73.989886,7.61,Kielgart Avenue
40.404977,-73.989748,8.27,Kielgart Avenue
40.405176,-73.989609,8.86,Kielgart Avenue
40.405374,-73.98947,8.01,Kielgart Avenue
40.405442,-73.989423,7.71,Kielgart Avenue
40.397002,-73.989189,200.3,Mountain Street
40.396922,-73.989435,213.19,Mountain Street
40.397012,-73.989706,219.82,Mountain Street
40.397095,-73.989979,218.11,Mountain Street
40.397172,-73.990256,210.2,Mountain Street
40.397251,-73.990532,206.69,Mountain Street
40.397335,-73.990806,206.1,Mountain Street
40.397415,-73.991081,205.54,Mountain Street
40.397486,-73.991361,204.33,Mountain Street
40.397558,-73.991641,203.31,Mountain Street
40.397629,-73.99192,196.36,Mountain Street
40.397718,-73.99219,183.83,Mountain Street
40.397893,-73.992356,166.24,Mountain Street
40.398105,-73.992286,147.08,Mountain Street
40.396464,-73.982734,45.51,Portland Road
40.39624,-73.982761,46.72,Portland Road
40.396016,-73.98278,48.59,Portland Road
40.395793,-73.9828,50.43,Portland Road
40.395348,-73.982775,52.46,Portland Road
40.395137,-73.982679,52.72,Portland Road
40.394926,-73.982576,53.61,Portland Road
40.394704,-73.982549,54.43,Portland Road
40.394483,-73.982601,55.87,Portland Road
40.394263,-73.982659,58.04,Portland Road
40.394042,-73.98271,60.99,Portland Road
40.393818,-73.982734,64.27,Portland Road
40.393594,-73.982757,68.04,Portland Road
40.393371,-73.982784,72.38,Portland Road
40.393147,-73.982807,75.16,Portland Road
40.392922,-73.982809,76.64,Portland Road
40.392698,-73.982797,78.64,Portland Road
40.392474,-73.982776,79.92,Portland Road
40.39225,-73.982759,82.15,Portland Road
40.392026,-73.982735,84.88,Portland Road
40.391803,-73.982701,88.09,Portland Road
40.39158,-73.982665,91.47,Portland Road
40.391357,-73.982628,94.72,Portland Road
40.391134,-73.982598,97.61,Portland Road
40.390926,-73.982684,101.35,Portland Road
40.390717,-73.982789,102.1,Portland Road
40.390499,-73.982859,100.23,Portland Road
40.39031,-73.983012,98.69,Portland Road
40.390164,-73.983234,97.74,Portland Road
40.390063,-73.983496,97.9,Portland Road
40.390065,-73.983784,100.49,Portland Road
40.390146,-73.984059,104.82,Portland Road
40.390238,-73.984328,109.88,Portland Road
40.390359,-73.984576,115.58,Portland Road
40.39049,-73.984815,120.54,Portland Road
40.390619,-73.985057,125.33,Portland Road
40.39074,-73.985305,130.64,Portland Road
40.390872,-73.985543,136.06,Portland Road
40.391028,-73.985754,140.58,Portland Road
40.391197,-73.985948,145.54,Portland Road
40.391379,-73.986121,151.05,Portland Road
40.39157,-73.986276,155.61,Portland Road
40.391757,-73.986438,161.06,Portland Road
40.391868,-73.986687,166.37,Portland Road
40.391869,-73.986982,170.64,Portland Road
40.391849,-73.987275,174.57,Portland Road
40.391775,-73.987551,179.49,Portland Road
40.391644,-73.98779,185.01,Portland Road
40.401453,-73.985274,4.1,John Street
40.401297,-73.985062,4.07,John Street
40.401144,-73.984846,3.67,John Street
40.40099,-73.984631,3.31,John Street
40.400839,-73.984413,3.74,John Street
40.407781,-74.001226,9.61,Willow Street
40.40794,-74.001433,14.07,Willow Street
40.408132,-74.001303,9.35,Willow Street
40.408323,-74.001149,6.23,Willow Street
40.408511,-74.000987,7.32,Willow Street
40.408698,-74.000824,6.86,Willow Street
40.408884,-74.000659,6.63,Willow Street
40.408997,-74.000563,6.4,Willow Street
40.409376,-74.002913,9.25,Shore Drive
40.409252,-74.002667,8.46,Shore Drive
40.409131,-74.002418,9.22,Shore Drive
40.409004,-74.002177,8.76,Shore Drive
40.408866,-74.001943,7.91,Shore Drive
40.408729,-74.00171,7.32,Shore Drive
40.408592,-74.001476,7.45,Shore Drive
40.408455,-74.001242,6.92,Shore Drive
40.40832,-74.001007,6.73,Shore Drive
40.408187,-74.00077,7.25,Shore Drive
40.408053,-74.000532,7.12,Shore Drive
40.40792,-74.000295,7.05,Shore Drive
40.407787,-74.000058,6.63,Shore Drive
40.407653,-73.99982,6.17,Shore Drive
40.402275,-73.996018,90.42,Waterwitch Drive
40.402056,-73.996084,98.33,Waterwitch Drive
40.401837,-73.996057,105.51,Waterwitch Drive
40.401632,-73.995935,112.2,Waterwitch Drive
40.401435,-73.995796,120.01,Waterwitch Drive
40.401218,-73.995733,127.82,Waterwitch Drive
40.400993,-73.995735,134.78,Waterwitch Drive
40.400547,-73.995693,145.21,Waterwitch Drive
40.400346,-73.995569,152.13,Waterwitch Drive
40.400199,-73.995347,160.17,Waterwitch Drive
40.395247,-73.98274,52.66,Thompson Street
40.395231,-73.982446,47.61,Thompson Street
40.395197,-73.982155,42.88,Thompson Street
40.404189,-74.002673,171.85,Huron Avenue
40.403965,-74.002701,176.21,Huron Avenue
40.403742,-74.002735,178.81,Huron Avenue
40.403297,-74.002815,179.46,Huron Avenue
40.403075,-74.002855,178.67,Huron Avenue
40.402852,-74.002883,179.07,Huron Avenue
40.404383,-73.990164,7.87,Marina Bay Court
40.404185,-73.990304,8.23,Marina Bay Court
40.403987,-73.990443,8.63,Marina Bay Court
40.403789,-73.990582,6.99,Marina Bay Court
40.397202,-73.989056,187.7,Prospect Street
40.397416,-73.988971,174.34,Prospect Street
40.39764,-73.988969,156.23,Prospect Street
40.397859,-73.989029,142.72,Prospect Street
40.398045,-73.989185,135.63,Prospect Street
40.398165,-73.989432,131.59,Prospect Street
40.398151,-73.989715,133.23,Prospect Street
40.398106,-73.990004,137.3,Prospect Street
40.398087,-73.990297,140.88,Prospect Street
40.398131,-73.990586,141.96,Prospect Street
40.398181,-73.990873,142.16,Prospect Street
40.398224,-73.991163,141.67,Prospect Street
40.398266,-73.991452,141.34,Prospect Street
40.398296,-73.991745,138.52,Prospect Street
40.398315,-73.992038,133.2,Prospect Street
40.398319,-73.99214,131.79,Prospect Street
40.401977,-73.986088,3.35,4th Street
40.402107,-73.986329,3.54,4th Street
40.402236,-73.98657,3.9,4th Street
40.402366,-73.98681,3.64,4th Street
40.402496,-73.987051,3.44,4th Street
40.402625,-73.987292,3.38,4th Street
40.402759,-73.987528,3.64,4th Street
40.402891,-73.987767,3.87,4th Street
40.403022,-73.988007,4.27,4th Street
40.403154,-73.988246,5.02,4th Street
40.403285,-73.988485,5.68,4th Street
40.403416,-73.988724,6.99,4th Street
40.401919,-73.992354,101.77,South Linden Avenue
40.402121,-73.992223,99.41,South Linden Avenue
40.402319,-73.992084,91.37,South Linden Avenue
40.402523,-73.992004,85.34,South Linden Avenue
40.402663,-73.992231,83.46,South Linden Avenue
40.402792,-73.992472,82.38,South Linden Avenue
40.402928,-73.992708,80.02,South Linden Avenue
40.403064,-73.992942,75.16,South Linden Avenue
40.4032,-73.993176,70.37,South Linden Avenue
40.403334,-73.993414,66.5,South Linden Avenue
40.403467,-73.993651,63.45,South Linden Avenue
40.403596,-73.993892,58.76,South Linden Avenue
40.403732,-73.994127,51.31,South Linden Avenue
40.403839,-73.994384,44.03,South Linden Avenue
40.403877,-73.994674,38.55,South Linden Avenue
40.403922,-73.994955,37.07,South Linden Avenue
40.403954,-73.995271,41.4,Linden Avenue
40.40396,-73.995566,45.77,Linden Avenue
40.403968,-73.99586,49.21,Linden Avenue
40.403979,-73.996155,52.26,Linden Avenue
40.403993,-73.996449,55.61,Linden Avenue
40.404006,-73.996744,59.15,Linden Avenue
40.404041,-73.997332,65.42,Linden Avenue
40.404065,-73.997625,68.57,Linden Avenue
40.404092,-73.997918,72.08,Linden Avenue
40.404118,-73.998211,75.16,Linden Avenue
40.404144,-73.998503,78.41,Linden Avenue
40.404191,-73.99909,87.99,Linden Avenue
40.404207,-73.999384,94.23,Linden Avenue
40.40419,-73.999678,99.9,Linden Avenue
40.404172,-73.999972,105.61,Linden Avenue
40.404159,-74.000184,109.71,Linden Avenue
40.404417,-73.994146,7.48,Waterwitch Avenue
40.404267,-73.994361,13.06,Waterwitch Avenue
40.40415,-73.994612,22.9,Waterwitch Avenue
40.40402,-73.994853,32.91,Waterwitch Avenue
40.40537,-73.994937,4.4,Bay Avenue
40.405264,-73.994677,4.59,Bay Avenue
40.405157,-73.994417,4.49,Bay Avenue
40.405049,-73.994159,4.46,Bay Avenue
40.404942,-73.9939,4.56,Bay Avenue
40.398091,-73.97642,7.87,Hartshorne Drive
40.398314,-73.976445,7.61,Hartshorne Drive
40.398538,-73.976471,7.58,Hartshorne Drive
40.398762,-73.976497,7.48,Hartshorne Drive
40.398985,-73.976525,7.64,Hartshorne Drive
40.404606,-74.001381,127.79,Ocean Boulevard
40.40476,-74.001595,132.58,Ocean Boulevard
40.404914,-74.00181,136.61,Ocean Boulevard
40.405062,-74.002031,140.58,Ocean Boulevard
40.405201,-74.002264,143.8,Ocean Boulevard
40.405252,-74.002351,145.6,Ocean Boulevard
40.405194,-74.004999,169.55,Navesink Avenue
40.406092,-74.004243,176.28,Ocean Boulevard
40.405982,-74.003985,172.8,Ocean Boulevard
40.405801,-74.003446,164.44,Ocean Boulevard
40.405712,-74.003175,160.07,Ocean Boulevard
40.405618,-74.002908,156.17,Ocean Boulevard
40.405488,-74.002668,151.84,Ocean Boulevard
40.405331,-74.002456,147.57,Ocean Boulevard
40.402603,-73.99628,84.78,
40.402436,-73.996084,85.33,
40.400604,-73.987377,8.69,Shore Drive
40.400469,-73.987141,8.83,Shore Drive
40.400335,-73.986905,8.5,Shore Drive
40.400202,-73.986667,8.86,Shore Drive
40.400068,-73.98643,8.63,Shore Drive
40.399935,-73.986192,8.4,Shore Drive
40.3998,-73.985957,8.04,Shore Drive
40.399664,-73.985722,8.46,Shore Drive
40.39953,-73.985486,8.76,Shore Drive
40.399394,-73.985251,9.12,Shore Drive
40.399258,-73.985016,9.91,Shore Drive
40.399122,-73.984782,10.6,Shore Drive
40.399079,-73.984711,10.66,Shore Drive
40.404288,-73.993905,7.74,Shore Drive
40.404154,-73.993668,7.74,Shore Drive
40.40402,-73.993431,7.94,Shore Drive
40.403887,-73.993194,8.4,Shore Drive
40.40362,-73.99272,8.89,Shore Drive
40.403486,-73.992483,8.69,Shore Drive
40.403351,-73.992247,8.37,Shore Drive
40.403217,-73.99201,8.23,Shore Drive
40.402951,-73.991536,8.33,Shore Drive
40.402685,-73.99106,8.14,Shore Drive
40.402552,-73.990823,7.81,Shore Drive
40.402418,-73.990586,7.35,Shore Drive
40.402284,-73.99035,7.15,Shore Drive
40.40215,-73.990113,7.32,Shore Drive
40.402016,-73.989876,7.71,Shore Drive
40.401882,-73.98964,8.04,Shore Drive
40.401748,-73.989403,7.51,Shore Drive
40.401614,-73.989166,7.28,Shore Drive
40.40148,-73.98893,6.69,Shore Drive
40.401346,-73.988693,6.53,Shore Drive
40.401212,-73.988456,6.89,Shore Drive
40.401079,-73.988219,7.28,Shore Drive
40.400945,-73.987982,7.68,Shore Drive
40.400811,-73.987745,8.37,Shore Drive
40.400678,-73.987508,8.33,Shore Drive
40.405294,-73.995657,5.84,Shore Drive
40.405427,-73.995896,6.04,Shore Drive
40.405559,-73.996134,6.43,Shore Drive
40.405691,-73.996372,6.86,Shore Drive
40.405824,-73.99661,7.35,Shore Drive
40.405956,-73.996849,7.87,Shore Drive
40.406221,-73.997325,7.45,Shore Drive
40.406357,-73.997559,7.19,Shore Drive
40.406488,-73.997793,6.96,Shore Drive
40.396582,-73.981412,11.15,South Bay Avenue
40.396799,-73.981487,12.73,South Bay Avenue
40.396994,-73.981632,16.08,South Bay Avenue
40.395255,-73.981244,8.17,South Bay Avenue
40.39503,-73.981239,8.04,South Bay Avenue
40.394806,-73.98123,7.32,South Bay Avenue
40.394581,-73.981221,6.92,South Bay Avenue
40.394357,-73.981212,6.3,South Bay Avenue
40.394206,-73.981206,7.02,South Bay Avenue
40.395703,-73.981239,8.5,South Bay Avenue
40.395927,-73.981267,8.4,South Bay Avenue
40.396148,-73.981316,8.92,South Bay Avenue
40.399817,-73.98529,5.58,South 2nd Street
40.399972,-73.985503,5.87,South 2nd Street
40.40013,-73.985714,5.64,South 2nd Street
40.40028,-73.985932,4.79,South 2nd Street
40.400422,-73.98616,4.56,South 2nd Street
40.40056,-73.986394,3.48,South 2nd Street
40.402396,-73.99577,79.04,
40.40245,-73.995486,74.51,
40.402456,-73.995442,74.34,
40.399628,-73.987875,57.25,Miller Street
40.399841,-73.987813,48.69,Miller Street
40.400056,-73.987869,36.65,Miller Street
40.400245,-73.987722,25.07,Miller Street
40.400426,-73.987548,14.9,Miller Street
40.40079,-73.987202,5.05,Miller Street
40.400972,-73.98703,4.72,Miller Street
40.401156,-73.98686,4.53,Miller Street
40.401339,-73.986689,3.97,Miller Street
40.401522,-73.986518,3.77,Miller Street
40.401704,-73.986346,3.64,Miller Street
40.401886,-73.986174,3.38,Miller Street
40.402069,-73.986001,3.28,Miller Street
40.402251,-73.985829,3.58,Miller Street
40.402433,-73.985657,4.13,Miller Street
40.402616,-73.985485,4.23,Miller Street
40.402799,-73.985314,4.53,Miller Street
40.408843,-74.001051,6.82,Locust Street
40.408976,-74.001288,7.09,Locust Street
40.409109,-74.001526,7.05,Locust Street
40.409177,-74.001646,7.32,Locust Street
40.399361,-73.976581,9.55,Hartshorne Drive
40.399578,-73.976654,10.4,Hartshorne Drive
40.399788,-73.976758,11.32,Hartshorne Drive
40.399999,-73.976861,10.99,Hartshorne Drive
40.400209,-73.976965,10.63,Hartshorne Drive
40.400413,-73.977089,10.66,Hartshorne Drive
40.400617,-73.97721,10.7,Hartshorne Drive
40.400823,-73.977329,10.96,Hartshorne Drive
40.401031,-73.97744,11.35,Hartshorne Drive
40.401245,-73.977528,10.89,Hartshorne Drive
40.401459,-73.977619,10.76,Hartshorne Drive
40.401676,-73.977691,10.89,Hartshorne Drive
40.401893,-73.977766,11.58,Hartshorne Drive
40.402108,-73.977855,11.78,Hartshorne Drive
40.415117,-73.981244,6.53,Hartshorne Drive
40.414905,-73.981149,6.69,Hartshorne Drive
40.414693,-73.981051,6.79,Hartshorne Drive
40.414482,-73.980952,6.79,Hartshorne Drive
40.41427,-73.980853,7.19,Hartshorne Drive
40.414058,-73.980755,7.55,Hartshorne Drive
40.413847,-73.980655,7.81,Hartshorne Drive
40.413636,-73.980553,8.1,Hartshorne Drive
40.413424,-73.980455,8.46,Hartshorne Drive
40.413208,-73.980379,8.43,Hartshorne Drive
40.412989,-73.980311,8.83,Hartshorne Drive
40.412769,-73.980252,9.28,Hartshorne Drive
40.412549,-73.980194,9.91,Hartshorne Drive
40.412329,-73.980133,10.3,Hartshorne Drive
40.412117,-73.980037,10.37,Hartshorne Drive
40.415419,-73.98133,6.36,Hartshorne Drive
40.411826,-73.979913,10.73,Hartshorne Drive
40.41161,-73.979829,10.83,Hartshorne Drive
40.411393,-73.979752,10.76,Hartshorne Drive
40.411176,-73.979676,10.89,Hartshorne Drive
40.410959,-73.979605,10.89,Hartshorne Drive
40.41074,-73.979536,10.89,Hartshorne Drive
40.41052,-73.979476,10.93,Hartshorne Drive
40.4103,-73.979417,10.7,Hartshorne Drive
40.410079,-73.979363,10.6,Hartshorne Drive
40.409858,-73.979312,10.47,Hartshorne Drive
40.409637,-73.979263,10.43,Hartshorne Drive
40.409415,-73.979214,10.53,Hartshorne Drive
40.409194,-73.979165,10.5,Hartshorne Drive
40.408972,-73.979116,10.47,Hartshorne Drive
40.408751,-73.979068,10.53,Hartshorne Drive
40.408529,-73.979019,10.6,Hartshorne Drive
40.408308,-73.97897,10.56,Hartshorne Drive
40.408087,-73.978921,10.47,Hartshorne Drive
40.407865,-73.978872,10.63,Hartshorne Drive
40.407644,-73.978823,10.7,Hartshorne Drive
40.407422,-73.978774,10.63,Hartshorne Drive
40.407201,-73.978725,10.53,Hartshorne Drive
40.406979,-73.978676,10.66,Hartshorne Drive
40.406758,-73.978627,10.6,Hartshorne Drive
40.406536,-73.978578,10.63,Hartshorne Drive
40.406315,-73.97853,10.79,Hartshorne Drive
40.406093,-73.978481,10.79,Hartshorne Drive
40.405872,-73.978432,10.99,Hartshorne Drive
40.40565,-73.978383,10.99,Hartshorne Drive
40.405429,-73.978334,11.15,Hartshorne Drive
40.405206,-73.978298,11.32,Hartshorne Drive
40.404982,-73.978271,11.45,Hartshorne Drive
40.404758,-73.978256,11.52,Hartshorne Drive
40.404534,-73.97824,11.38,Hartshorne Drive
40.40431,-73.978225,11.48,Hartshorne Drive
40.404085,-73.978214,11.71,Hartshorne Drive
40.403861,-73.978203,11.75,Hartshorne Drive
40.403637,-73.978187,11.75,Hartshorne Drive
40.403414,-73.978151,11.91,Hartshorne Drive
40.403191,-73.97811,12.2,Hartshorne Drive
40.40297,-73.978061,12.07,Hartshorne Drive
40.402748,-73.978012,12.07,Hartshorne Drive
40.402527,-73.977964,12.01,Hartshorne Drive
40.402305,-73.977915,11.78,Hartshorne Drive
40.397223,-73.981752,13.48,Bay Avenue
40.397431,-73.981855,12.4,Bay Avenue
40.397627,-73.982,11.42,Bay Avenue
40.397797,-73.98219,9.94,Bay Avenue
40.397951,-73.982405,8.4,Bay Avenue
40.398109,-73.982614,6.89,Bay Avenue
40.398294,-73.982778,5.58,Bay Avenue
40.398491,-73.982919,4.69,Bay Avenue
40.398697,-73.983037,4.66,Bay Avenue
40.398904,-73.983152,4.63,Bay Avenue
40.397043,-73.981806,17.13,Bay Avenue
40.396928,-73.981683,16.04,Bay Avenue
40.397048,-73.981679,16.14,Bay Avenue
40.397051,-73.981791,16.99,Bay Avenue
40.39729,-73.981769,12.8,Shore Drive
40.397365,-73.982028,13.16,Shore Drive
40.397508,-73.982255,12.76,Shore Drive
40.397652,-73.982481,12.34,Shore Drive
40.397796,-73.982708,12.34,Shore Drive
40.397939,-73.982935,11.88,Shore Drive
40.398083,-73.983161,11.38,Shore Drive
40.398227,-73.983388,11.22,Shore Drive
40.39837,-73.983615,10.63,Shore Drive
40.398523,-73.983822,10.47,Shore Drive
40.40593,-73.996297,4.33,Bay Avenue
40.405717,-73.995778,4.92,Bay Avenue
40.405612,-73.995517,4.53,Bay Avenue
40.405507,-73.995257,4.3,Bay Avenue
40.405677,-73.995056,4.79,Central Avenue
40.405875,-73.994917,5.35,Central Avenue
40.406073,-73.994778,5.35,Central Avenue
40.406271,-73.994639,5.15,Central Avenue
40.406469,-73.994499,5.45,Central Avenue
40.406667,-73.99436,5.41,Central Avenue
40.406865,-73.994221,5.25,Central Avenue
40.404556,-73.994378,7.74,Shore Drive
40.404693,-73.994612,8.17,Shore Drive
40.404829,-73.994846,7.97,Shore Drive
40.404965,-73.99508,7.51,Shore Drive
40.405102,-73.995315,6.86,Shore Drive
40.404702,-73.993941,5.45,Waterwitch Avenue
40.404505,-73.994082,6.86,Waterwitch Avenue
40.393072,-73.975741,6.82,Highlands Court
40.393057,-73.975971,6.66,Highlands Court
40.393885,-73.975837,6.1,Ocean Avenue
40.394108,-73.97587,6.07,Ocean Avenue
40.394331,-73.975901,6.17,Ocean Avenue
40.409274,-74.002171,8.46,Lighthouse Point Road
40.409425,-74.001954,9.88,Lighthouse Point Road
40.40961,-74.001788,8.63,Lighthouse Point Road
40.409664,-74.001711,8.56,Lighthouse Point Road
40.409791,-74.00163,8.53,Lighthouse Point Road
40.409987,-74.001768,8.3,Lighthouse Point Road
40.410194,-74.00178,8.01,Lighthouse Point Road
40.41039,-74.001636,8.14,Lighthouse Point Road
40.410586,-74.001492,8.27,Lighthouse Point Road
40.410787,-74.001362,8.14,Lighthouse Point Road
40.410998,-74.001261,7.64,Lighthouse Point Road
40.411215,-74.001187,6.92,Lighthouse Point Road
40.411368,-74.001134,7.35,Lighthouse Point Road
40.409689,-74.001472,7.74,Lighthouse Point Road
40.409771,-74.001675,8.73,Lighthouse Point Road
40.409607,-74.001601,8.3,Lighthouse Point Road
40.403728,-73.990959,4.79,Bay Avenue
40.403835,-73.991218,4.82,Bay Avenue
40.403942,-73.991478,4.95,Bay Avenue
40.404048,-73.991738,5.15,Bay Avenue
40.404154,-73.991998,5.41,Bay Avenue
40.404261,-73.992257,5.64,Bay Avenue
40.404477,-73.992774,5.45,Bay Avenue
40.404582,-73.993035,5.28,Bay Avenue
40.40469,-73.993293,4.79,Bay Avenue
40.404797,-73.993553,4.69,Bay Avenue
40.403442,-73.990305,4.13,Bay Avenue
40.403557,-73.990558,4.46,Bay Avenue
40.402462,-73.990664,7.28,Atlantic Street
40.40266,-73.990524,4.4,Atlantic Street
40.402858,-73.990385,4.17,Atlantic Street
40.403055,-73.990245,4.2,Atlantic Street
40.403123,-73.989659,4.56,Bay Avenue
40.403248,-73.989905,4.43,Bay Avenue
40.402817,-73.989586,4.89,Cedar Street
40.402634,-73.989757,4.49,Cedar Street
40.402441,-73.989888,4.07,Cedar Street
40.402307,-73.989653,3.9,Cedar Street
40.401205,-73.986297,3.71,Bay Avenue
40.401348,-73.986523,4.07,Bay Avenue
40.401487,-73.986755,4.53,Bay Avenue
40.401627,-73.986985,4.1,Bay Avenue
40.401768,-73.987216,3.84,Bay Avenue
40.401904,-73.98745,3.81,Bay Avenue
40.402036,-73.987688,3.58,Bay Avenue
40.402169,-73.987927,3.58,Bay Avenue
40.4023,-73.988166,3.44,Bay Avenue
40.402431,-73.988405,3.61,Bay Avenue
40.402565,-73.988642,4.0,Bay Avenue
40.402698,-73.988879,4.23,Bay Avenue
40.402832,-73.989116,4.4,Bay Avenue
40.400876,-73.986238,3.44,North Street
40.400692,-73.986406,3.74,North Street
40.407491,-73.999536,6.43,Shore Drive
40.407357,-73.9993,6.79,Shore Drive
40.407222,-73.999064,6.86,Shore Drive
40.407089,-73.998826,6.96,Shore Drive
40.406952,-73.998593,6.4,Shore Drive
40.40681,-73.998364,6.04,Shore Drive
40.406674,-73.99813,6.36,Shore Drive
40.406542,-73.997891,6.59,Shore Drive
40.407845,-73.999707,4.76,Mathews Street
40.408064,-73.999642,4.2,Mathews Street
40.396128,-73.982941,48.79,East Manor Square
40.396113,-73.982776,47.57,East Manor Square
40.396951,-73.983705,63.75,East Manor Square
40.396727,-73.983686,62.34,East Manor Square
40.396505,-73.983652,62.93,East Manor Square
40.396294,-73.98355,62.8,East Manor Square
40.396145,-73.983353,59.48,East Manor Square
40.396133,-73.983059,51.41,East Manor Square
40.395179,-73.988118,137.7,Grand Tour
40.395396,-73.988184,131.5,Grand Tour
40.39562,-73.988189,124.54,Grand Tour
40.395845,-73.988185,118.6,Grand Tour
40.396066,-73.988149,112.76,Grand Tour
40.396277,-73.988048,107.91,Grand Tour
40.403605,-74.000277,111.12,Serpentine Drive
40.401459,-73.997121,134.12,Hillside Road
40.401526,-73.996841,128.87,Hillside Road
40.401564,-73.996551,126.05,Hillside Road
40.401585,-73.996257,122.08,Hillside Road
40.401599,-73.995965,113.03,Hillside Road
40.409657,-74.001182,8.66,Halfmoon Court
40.409549,-74.000927,8.27,Halfmoon Court
40.40947,-74.000715,7.84,Halfmoon Court
40.403501,-73.989213,7.74,Holly Street
40.404346,-74.006446,132.91,Navesink Avenue
40.404439,-74.006178,138.32,Navesink Avenue
40.404533,-74.00591,144.13,Navesink Avenue
40.404629,-74.005644,150.13,Navesink Avenue
40.404741,-74.005388,157.22,Navesink Avenue
40.404896,-74.005178,163.35,Navesink Avenue
40.405096,-74.005044,168.31,Navesink Avenue
40.403986,-74.006375,138.75,Erie Road
40.403854,-74.006136,150.62,Erie Road
40.403741,-74.005882,161.98,Erie Road
40.403637,-74.00562,168.73,Erie Road
40.403542,-74.005353,175.0,Erie Road
40.403467,-74.005075,181.43,Erie Road
40.393535,-73.986454,224.08,New Rd
40.393312,-73.986492,221.13,New Rd
40.39309,-73.986536,217.32,New Rd
40.392929,-73.986721,213.32,New Rd
40.40629,-73.997929,7.71,Bayside Drive
40.406076,-73.998017,8.76,Bayside Drive
40.405974,-73.998214,10.56,Bayside Drive
40.406073,-73.998478,10.76,Bayside Drive
40.406187,-73.998732,11.09,Bayside Drive
40.406296,-73.99899,11.22,Bayside Drive
40.406395,-73.999255,12.53,Bayside Drive
40.406479,-73.999528,14.14,Bayside Drive
40.406572,-73.999796,15.52,Bayside Drive
40.406803,-74.000298,19.32,Bayside Drive
40.406949,-74.000523,20.9,Bayside Drive
40.407102,-74.000739,22.34,Bayside Drive
40.40921,-74.001807,7.61,Seabird Lane
40.403967,-73.988313,4.1,5th Street
40.404093,-73.988557,3.81,5th Street
40.404105,-74.000467,114.57,Linden Avenue
40.400533,-73.998542,206.33,Valley Drive
40.400551,-73.998836,216.17,Valley Drive
40.400515,-73.999125,225.03,Valley Drive
40.400416,-73.999389,231.96,Valley Drive
40.400317,-73.999573,237.7,Valley Drive
40.426164,-73.985632,6.59,Hartshorne Drive
40.425946,-73.985561,6.56,Hartshorne Drive
40.425728,-73.985489,6.53,Hartshorne Drive
40.42551,-73.985417,6.56,Hartshorne Drive
40.425293,-73.985345,6.5,Hartshorne Drive
40.425075,-73.985274,6.59,Hartshorne Drive
40.424857,-73.985202,6.46,Hartshorne Drive
40.424639,-73.98513,6.66,Hartshorne Drive
40.424421,-73.985058,6.63,Hartshorne Drive
40.424203,-73.984986,6.56,Hartshorne Drive
40.423986,-73.984915,6.46,Hartshorne Drive
40.423768,-73.984843,6.56,Hartshorne Drive
40.42355,-73.984771,6.53,Hartshorne Drive
40.423332,-73.984699,6.5,Hartshorne Drive
40.423114,-73.984627,6.5,Hartshorne Drive
40.422897,-73.984556,6.5,Hartshorne Drive
40.422679,-73.984484,6.46,Hartshorne Drive
40.422461,-73.984412,6.5,Hartshorne Drive
40.422243,-73.98434,6.59,Hartshorne Drive
40.422025,-73.984268,6.4,Hartshorne Drive
40.421807,-73.984197,6.3,Hartshorne Drive
40.42159,-73.984125,6.5,Hartshorne Drive
40.421372,-73.984053,6.43,Hartshorne Drive
40.421154,-73.983981,6.43,Hartshorne Drive
40.420936,-73.983909,6.46,Hartshorne Drive
40.420718,-73.983837,6.5,Hartshorne Drive
40.420501,-73.983765,6.46,Hartshorne Drive
40.420283,-73.983693,6.5,Hartshorne Drive
40.420065,-73.983621,6.43,Hartshorne Drive
40.419847,-73.983549,6.46,Hartshorne Drive
40.419629,-73.983478,6.66,Hartshorne Drive
40.419412,-73.983406,7.19,Hartshorne Drive
40.419196,-73.983324,7.58,Hartshorne Drive
40.418982,-73.983233,7.64,Hartshorne Drive
40.418771,-73.983132,7.91,Hartshorne Drive
40.418562,-73.983024,8.4,Hartshorne Drive
40.418354,-73.982913,7.64,Hartshorne Drive
40.418149,-73.982794,6.99,Hartshorne Drive
40.417943,-73.982675,6.59,Hartshorne Drive
40.417738,-73.982556,6.23,Hartshorne Drive
40.417532,-73.982437,5.54,Hartshorne Drive
40.417325,-73.982322,5.35,Hartshorne Drive
40.417118,-73.982208,4.79,Hartshorne Drive
40.416909,-73.982103,4.1,Hartshorne Drive
40.416698,-73.982001,4.33,Hartshorne Drive
40.416487,-73.9819,4.66,Hartshorne Drive
40.416276,-73.9818,4.86,Hartshorne Drive
40.416064,-73.9817,5.02,Hartshorne Drive
40.415854,-73.981596,5.51,Hartshorne Drive
40.415653,-73.981464,6.04,Hartshorne Drive
40.406099,-73.99647,5.64,Gravelly Point Road
40.409089,-74.002321,9.28,Lighthouse Point Road
40.406938,-74.02635,82.55,North Avenue
40.406802,-74.026116,79.56,North Avenue
40.406732,-74.025986,77.66,North Avenue
40.40005,-74.057271,90.12,
40.400093,-74.056982,93.01,
40.40014,-74.056693,96.75,
40.400187,-74.056405,102.07,
40.400226,-74.056115,108.63,
40.400264,-74.055824,114.83,
40.400394,-74.055657,118.96,
40.400609,-74.055741,114.76,
40.400822,-74.055834,109.28,
40.401019,-74.055974,104.46,
40.401183,-74.056171,101.94,
40.401279,-74.056437,96.92,
40.40132,-74.056711,93.34,
40.401333,-74.057005,90.42,
40.401374,-74.057294,88.12,
40.401444,-74.057574,86.42,
40.40156,-74.057821,84.91,
40.401719,-74.057974,84.25,
40.401939,-74.058036,84.48,
40.402163,-74.058061,85.86,
40.402381,-74.058126,85.43,
40.402582,-74.058223,81.66,
40.40274,-74.058428,77.49,
40.402814,-74.058476,76.12,
40.366931,-73.979922,22.31,
40.366926,-73.979627,23.2,
40.366904,-73.979335,23.85,
40.366865,-73.979044,24.74,
40.366827,-73.978754,25.62,
40.366839,-73.97846,25.89,
40.36685,-73.978165,25.62,
40.366878,-73.977873,25.46,
40.366908,-73.977581,23.85,
40.366933,-73.977347,21.98,
40.402494,-74.057893,86.65,
40.402318,-74.057719,89.53,
40.402283,-74.057461,92.72,
40.402298,-74.057171,95.9,
40.402198,-74.056911,99.61,
40.402026,-74.056725,103.08,
40.401808,-74.056659,100.59,
40.401626,-74.056818,95.41,
40.401593,-74.056867,94.62,
40.401598,-74.056604,97.9,
40.401606,-74.057188,91.99,
40.401697,-74.057458,90.42,
40.401869,-74.057631,92.26,
40.402087,-74.05767,91.99,
40.402252,-74.057609,91.54,
40.401096,-74.056649,97.44,
40.400874,-74.056603,102.1,
40.400655,-74.056541,104.4,
40.40044,-74.056456,103.38,
40.400006,-74.056302,104.27,
40.399789,-74.05623,103.9,
40.399576,-74.056238,102.66,
40.399589,-74.056516,99.61,
40.399619,-74.056808,96.65,
40.399692,-74.057082,93.44,
40.399884,-74.057224,91.4,
40.40032,-74.057359,88.09,
40.400537,-74.057435,87.6,
40.400753,-74.057518,87.3,
40.400666,-74.055764,113.78,
40.400614,-74.05605,114.73,
40.400566,-74.056338,108.04,
40.40054,-74.056494,103.9,
40.418104,-74.05566,32.78,
40.417885,-74.055725,32.25,
40.417795,-74.055751,31.79,
40.401334,-74.056579,95.01,
40.402389,-74.057891,87.76,
40.402549,-74.057691,87.07,
40.40257,-74.057403,89.07,
40.402524,-74.057114,90.55,
40.402467,-74.056829,93.24,
40.402353,-74.056581,96.72,
40.402155,-74.056445,103.12,
40.401943,-74.05635,106.4,
40.401722,-74.056293,103.38,
40.401498,-74.056273,100.16,
40.40135,-74.056487,96.46,
40.401278,-74.056198,101.15,
40.401173,-74.056143,102.07,
40.40158,-74.057745,85.37,
40.401594,-74.057938,84.91,
40.40137,-74.057958,85.33,
40.401146,-74.057976,86.29,
40.400948,-74.057882,86.71,
40.400856,-74.057613,87.43,
40.400805,-74.057328,90.35,
40.400769,-74.057037,94.46,
40.400734,-74.056746,100.39,
40.40073,-74.056571,103.97,
40.402213,-74.055387,133.37,
40.402316,-74.055575,130.31,
40.412342,-74.055167,29.17,
40.412119,-74.055178,30.12,
40.411895,-74.055153,32.97,
40.411671,-74.055132,36.94,
40.411447,-74.055114,40.55,
40.411223,-74.055117,44.65,
40.411007,-74.055194,48.72,
40.410791,-74.055276,52.26,
40.410719,-74.055292,52.99,
40.404203,-74.011636,86.25,Pape Drive
40.404024,-74.011741,84.91,Pape Drive
40.404026,-74.01203,84.09,Pape Drive
40.40405,-74.012131,83.73,Pape Drive
40.405163,-74.010905,89.73,Pape Drive
40.40496,-74.010845,88.81,Pape Drive
40.404997,-74.01058,88.58,Pape Drive
40.42799,-74.067821,9.22,Normandy Road
40.427788,-74.067949,9.28,Normandy Road
40.427587,-74.068081,9.22,Normandy Road
40.427388,-74.06822,9.38,Normandy Road
40.42719,-74.068358,9.55,Normandy Road
40.42699,-74.068492,9.68,Normandy Road
40.426789,-74.068622,9.55,Normandy Road
40.426584,-74.068744,9.12,Normandy Road
40.426378,-74.068861,9.48,Normandy Road
40.426163,-74.068945,8.79,Normandy Road
40.425941,-74.068988,7.84,Normandy Road
40.425717,-74.069015,7.58,Normandy Road
40.425494,-74.069043,7.48,Normandy Road
40.42527,-74.06907,7.61,Normandy Road
40.425047,-74.069103,7.91,Normandy Road
40.424826,-74.069151,8.56,Normandy Road
40.424609,-74.069228,9.25,Normandy Road
40.424396,-74.069321,10.3,Normandy Road
40.424183,-74.069414,11.55,Normandy Road
40.42397,-74.069507,12.6,Normandy Road
40.423756,-74.069596,13.58,Normandy Road
40.423539,-74.069675,14.04,Normandy Road
40.423317,-74.069717,14.24,Normandy Road
40.423094,-74.069752,14.44,Normandy Road
40.422871,-74.069783,14.9,Normandy Road
40.422647,-74.069809,15.16,Normandy Road
40.422424,-74.069835,15.75,Normandy Road
40.4222,-74.069861,16.21,Normandy Road
40.421976,-74.069887,16.6,Normandy Road
40.421753,-74.069913,16.96,Normandy Road
40.421529,-74.069938,17.19,Normandy Road
40.421305,-74.069964,17.26,Normandy Road
40.421082,-74.069995,17.26,Normandy Road
40.420859,-74.070028,17.39,Normandy Road
40.4208,-74.070037,17.49,Normandy Road
40.403892,-74.010469,83.46,Pape Drive
40.404047,-74.010312,85.3,Pape Drive
40.404067,-74.010236,85.63,Pape Drive
40.408281,-74.025065,111.98,Victorian Woods Drive
40.408192,-74.025194,109.91,Victorian Woods Drive
40.408119,-74.024917,110.37,Victorian Woods Drive
40.408285,-74.024804,113.32,Victorian Woods Drive
40.410954,-74.059472,46.16,Klein Way
40.410942,-74.059767,45.47,Klein Way
40.41093,-74.060061,44.23,Klein Way
40.410919,-74.060356,43.08,Klein Way
40.410907,-74.06065,41.8,Klein Way
40.410903,-74.060751,42.45,Klein Way
40.412438,-74.035429,48.75,4th Avenue
40.412656,-74.035357,50.23,4th Avenue
40.412873,-74.035285,52.0,4th Avenue
40.413091,-74.035212,53.54,4th Avenue
40.413309,-74.03514,55.74,4th Avenue
40.413527,-74.035068,56.56,4th Avenue
40.413744,-74.034996,57.45,4th Avenue
40.413962,-74.034924,57.32,4th Avenue
40.41418,-74.034852,55.25,4th Avenue
40.414398,-74.034779,49.77,4th Avenue
40.414616,-74.03471,42.91,4th Avenue
40.414739,-74.034671,41.67,4th Avenue
40.410864,-74.028959,205.54,Chapin Avenue
40.411064,-74.028826,208.69,Chapin Avenue
40.411263,-74.028687,213.06,Chapin Avenue
40.411458,-74.028541,211.38,Chapin Avenue
40.411655,-74.0284,207.09,Chapin Avenue
40.412433,-74.038448,14.63,West Highland Avenue
40.412502,-74.038729,12.73,West Highland Avenue
40.41257,-74.03901,10.14,West Highland Avenue
40.412639,-74.039291,8.63,West Highland Avenue
40.412707,-74.039571,7.97,West Highland Avenue
40.412776,-74.039852,7.71,West Highland Avenue
40.412845,-74.040133,7.25,West Highland Avenue
40.412913,-74.040414,6.73,West Highland Avenue
40.412982,-74.040695,6.33,West Highland Avenue
40.41305,-74.040976,5.41,West Highland Avenue
40.413119,-74.041257,4.95,West Highland Avenue
40.413188,-74.041537,4.1,West Highland Avenue
40.413191,-74.04155,4.17,West Highland Avenue
40.403421,-74.054743,140.12,Decker Drive
40.403418,-74.055038,137.7,Decker Drive
40.403414,-74.055333,134.94,Decker Drive
40.403411,-74.055628,130.28,Decker Drive
40.403408,-74.055923,123.75,Decker Drive
40.403405,-74.056217,117.19,Decker Drive
40.403403,-74.056512,110.47,Decker Drive
